-- phpMyAdmin SQL Dump
-- version 4.8.5
-- https://www.phpmyadmin.net/
--
-- Host: localhost:3306
-- Generation Time: Jul 03, 2019 at 03:31 PM
-- Server version: 10.1.40-MariaDB-cll-lve
-- PHP Version: 7.2.7

SET SQL_MODE = "NO_AUTO_VALUE_ON_ZERO";
SET AUTOCOMMIT = 0;
START TRANSACTION;
SET time_zone = "+00:00";


/*!40101 SET @OLD_CHARACTER_SET_CLIENT=@@CHARACTER_SET_CLIENT */;
/*!40101 SET @OLD_CHARACTER_SET_RESULTS=@@CHARACTER_SET_RESULTS */;
/*!40101 SET @OLD_COLLATION_CONNECTION=@@COLLATION_CONNECTION */;
/*!40101 SET NAMES utf8mb4 */;

--
-- Database: `ariowib1_btl`
--

-- --------------------------------------------------------

--
-- Table structure for table `btl`
--

CREATE TABLE `btl` (
  `id_btl` int(10) NOT NULL,
  `id_skpd` varchar(15) NOT NULL,
  `id_rincian` varchar(12) NOT NULL,
  `anggaran` bigint(20) DEFAULT '0',
  `realisasi_januari` bigint(20) DEFAULT '0',
  `realisasi_februari` bigint(20) DEFAULT '0',
  `realisasi_maret` bigint(20) DEFAULT '0',
  `realisasi_april` bigint(20) DEFAULT '0',
  `realisasi_mei` bigint(20) DEFAULT '0',
  `realisasi_juni` bigint(20) DEFAULT '0',
  `realisasi_juli` bigint(20) DEFAULT '0',
  `realisasi_agustus` bigint(20) DEFAULT '0',
  `realisasi_september` bigint(20) DEFAULT '0',
  `realisasi_oktober` bigint(20) DEFAULT '0',
  `realisasi_november` bigint(20) DEFAULT '0',
  `realisasi_desember` bigint(20) DEFAULT '0',
  `realisasi_13` bigint(20) DEFAULT '0',
  `realisasi_14` bigint(20) DEFAULT '0',
  `id_tahun` int(5) NOT NULL
) ENGINE=InnoDB DEFAULT CHARSET=latin1;

--
-- Dumping data for table `btl`
--

INSERT INTO `btl` (`id_btl`, `id_skpd`, `id_rincian`, `anggaran`, `realisasi_januari`, `realisasi_februari`, `realisasi_maret`, `realisasi_april`, `realisasi_mei`, `realisasi_juni`, `realisasi_juli`, `realisasi_agustus`, `realisasi_september`, `realisasi_oktober`, `realisasi_november`, `realisasi_desember`, `realisasi_13`, `realisasi_14`, `id_tahun`) VALUES
(1, '1 01 0100', '5 1 1 01 01', 405200866909, 26029682200, 25926598600, 25893343900, 0, 0, 0, 0, 0, 0, 0, 0, 0, 0, 0, 1),
(2, '1 01 0100', '5 1 1 01 02', 35669662464, 2219986726, 2205695948, 2203584698, 0, 0, 0, 0, 0, 0, 0, 0, 0, 0, 0, 1),
(3, '1 01 0100', '5 1 1 01 03', 301708750, 13245000, 13245000, 14225000, 0, 0, 0, 0, 0, 0, 0, 0, 0, 0, 0, 1),
(4, '1 01 0100', '5 1 1 01 04', 35264961900, 2377593000, 2364024000, 2355849000, 0, 0, 0, 0, 0, 0, 0, 0, 0, 0, 0, 1),
(5, '1 01 0100', '5 1 1 01 05', 2039493750, 76715000, 76345000, 74505000, 0, 0, 0, 0, 0, 0, 0, 0, 0, 0, 0, 1),
(6, '1 01 0100', '5 1 1 01 06', 17184657672, 1282268520, 1274881680, 1269884700, 0, 0, 0, 0, 0, 0, 0, 0, 0, 0, 0, 1),
(7, '1 01 0100', '5 1 1 01 07', 3187321968, 85321174, 84845733, 87701514, 0, 0, 0, 0, 0, 0, 0, 0, 0, 0, 0, 1),
(8, '1 01 0100', '5 1 1 01 08', 8156674, 340126, 337951, 337400, 0, 0, 0, 0, 0, 0, 0, 0, 0, 0, 0, 1),
(9, '1 01 0100', '5 1 1 01 21', 11563912280, 847504454, 843968942, 842907980, 0, 0, 0, 0, 0, 0, 0, 0, 0, 0, 0, 1),
(10, '1 01 0100', '5 1 1 01 22', 854193941, 62361230, 62108608, 62048545, 0, 0, 0, 0, 0, 0, 0, 0, 0, 0, 0, 1),
(11, '1 01 0100', '5 1 1 01 23', 2562563276, 187082303, 186324331, 186144198, 0, 0, 0, 0, 0, 0, 0, 0, 0, 0, 0, 1),
(12, '1 01 0100', '5 1 1 01 25', 2466305000, 0, 0, 0, 0, 0, 0, 0, 0, 0, 0, 0, 0, 0, 0, 1),
(13, '1 01 0100', '5 1 1 01 26', 278155088000, 0, 0, 0, 0, 0, 0, 0, 0, 0, 0, 0, 0, 0, 0, 1),
(14, '1 01 0100', '5 1 1 02 01', 25300814256, 1144882700, 1124373100, 1158489500, 0, 0, 0, 0, 0, 0, 0, 0, 0, 0, 0, 1),
(15, '1 01 0100', '5 1 1 02 06', 43279721359, 853207846, 3765673286, 2702369270, 0, 0, 0, 0, 0, 0, 0, 0, 0, 0, 0, 1),
(16, '1 01 0100', '5 1 1 05 01', 0, 0, 0, 0, 0, 0, 0, 0, 0, 0, 0, 0, 0, 0, 0, 1),
(17, '1 02 0100', '5 1 1 01 01', 61159952547, 0, 0, 0, 0, 0, 0, 0, 0, 0, 0, 0, 0, 0, 0, 1),
(18, '1 02 0100', '5 1 1 01 02', 5369079483, 0, 0, 0, 0, 0, 0, 0, 0, 0, 0, 0, 0, 0, 0, 1),
(19, '1 02 0100', '5 1 1 01 03', 514949750, 0, 0, 0, 0, 0, 0, 0, 0, 0, 0, 0, 0, 0, 0, 1),
(20, '1 02 0100', '5 1 1 01 04', 6085619750, 0, 0, 0, 0, 0, 0, 0, 0, 0, 0, 0, 0, 0, 0, 1),
(21, '1 02 0100', '5 1 1 01 05', 1102582250, 0, 0, 0, 0, 0, 0, 0, 0, 0, 0, 0, 0, 0, 0, 1),
(22, '1 02 0100', '5 1 1 01 06', 3084722658, 0, 0, 0, 0, 0, 0, 0, 0, 0, 0, 0, 0, 0, 0, 1),
(23, '1 02 0100', '5 1 1 01 07', 346932617, 0, 0, 0, 0, 0, 0, 0, 0, 0, 0, 0, 0, 0, 0, 1),
(24, '1 02 0100', '5 1 1 01 08', 1520000, 0, 0, 0, 0, 0, 0, 0, 0, 0, 0, 0, 0, 0, 0, 1),
(25, '1 02 0100', '5 1 1 01 21', 1721347097, 0, 0, 0, 0, 0, 0, 0, 0, 0, 0, 0, 0, 0, 0, 1),
(26, '1 02 0100', '5 1 1 01 22', 134400021, 0, 0, 0, 0, 0, 0, 0, 0, 0, 0, 0, 0, 0, 0, 1),
(27, '1 02 0100', '5 1 1 01 23', 385302165, 0, 0, 0, 0, 0, 0, 0, 0, 0, 0, 0, 0, 0, 0, 1),
(28, '1 02 0100', '5 1 1 02 01', 53201718240, 0, 0, 0, 0, 0, 0, 0, 0, 0, 0, 0, 0, 0, 0, 1),
(29, '1 02 0100', '5 1 1 02 06', 42544828782, 0, 0, 0, 0, 0, 0, 0, 0, 0, 0, 0, 0, 0, 0, 1),
(30, '1 02 0200', '5 1 1 01 01', 14978882307, 0, 0, 0, 0, 0, 0, 0, 0, 0, 0, 0, 0, 0, 0, 1),
(31, '1 02 0200', '5 1 1 01 02', 1500480143, 0, 0, 0, 0, 0, 0, 0, 0, 0, 0, 0, 0, 0, 0, 1),
(32, '1 02 0200', '5 1 1 01 03', 242586750, 0, 0, 0, 0, 0, 0, 0, 0, 0, 0, 0, 0, 0, 0, 1),
(33, '1 02 0200', '5 1 1 01 04', 1572186000, 0, 0, 0, 0, 0, 0, 0, 0, 0, 0, 0, 0, 0, 0, 1),
(34, '1 02 0200', '5 1 1 01 05', 141275750, 0, 0, 0, 0, 0, 0, 0, 0, 0, 0, 0, 0, 0, 0, 1),
(35, '1 02 0200', '5 1 1 01 06', 866432880, 0, 0, 0, 0, 0, 0, 0, 0, 0, 0, 0, 0, 0, 0, 1),
(36, '1 02 0200', '5 1 1 01 07', 61372476, 0, 0, 0, 0, 0, 0, 0, 0, 0, 0, 0, 0, 0, 0, 1),
(37, '1 02 0200', '5 1 1 01 08', 750868, 0, 0, 0, 0, 0, 0, 0, 0, 0, 0, 0, 0, 0, 0, 1),
(38, '1 02 0200', '5 1 1 01 21', 423803112, 0, 0, 0, 0, 0, 0, 0, 0, 0, 0, 0, 0, 0, 0, 1),
(39, '1 02 0200', '5 1 1 01 22', 30826336, 0, 0, 0, 0, 0, 0, 0, 0, 0, 0, 0, 0, 0, 0, 1),
(40, '1 02 0200', '5 1 1 01 23', 92478585, 0, 0, 0, 0, 0, 0, 0, 0, 0, 0, 0, 0, 0, 0, 1),
(41, '1 02 0200', '5 1 1 02 01', 18138896016, 0, 0, 0, 0, 0, 0, 0, 0, 0, 0, 0, 0, 0, 0, 1),
(42, '1 02 0200', '5 1 1 02 06', 9860712806, 0, 0, 0, 0, 0, 0, 0, 0, 0, 0, 0, 0, 0, 0, 1),
(43, '1 02 0200', '5 1 1 08 01', 42441684389, 0, 0, 0, 0, 0, 0, 0, 0, 0, 0, 0, 0, 0, 0, 1),
(44, '1 02 0300', '5 1 1 01 01', 8681135004, 0, 0, 0, 0, 0, 0, 0, 0, 0, 0, 0, 0, 0, 0, 1),
(45, '1 02 0300', '5 1 1 01 02', 843514397, 0, 0, 0, 0, 0, 0, 0, 0, 0, 0, 0, 0, 0, 0, 1),
(46, '1 02 0300', '5 1 1 01 03', 144074000, 0, 0, 0, 0, 0, 0, 0, 0, 0, 0, 0, 0, 0, 0, 1),
(47, '1 02 0300', '5 1 1 01 04', 910507500, 0, 0, 0, 0, 0, 0, 0, 0, 0, 0, 0, 0, 0, 0, 1),
(48, '1 02 0300', '5 1 1 01 05', 66225250, 0, 0, 0, 0, 0, 0, 0, 0, 0, 0, 0, 0, 0, 0, 1),
(49, '1 02 0300', '5 1 1 01 06', 523162080, 0, 0, 0, 0, 0, 0, 0, 0, 0, 0, 0, 0, 0, 0, 1),
(50, '1 02 0300', '5 1 1 01 07', 29337278, 0, 0, 0, 0, 0, 0, 0, 0, 0, 0, 0, 0, 0, 0, 1),
(51, '1 02 0300', '5 1 1 01 08', 750439, 0, 0, 0, 0, 0, 0, 0, 0, 0, 0, 0, 0, 0, 0, 1),
(52, '1 02 0300', '5 1 1 01 21', 244516159, 0, 0, 0, 0, 0, 0, 0, 0, 0, 0, 0, 0, 0, 0, 1),
(53, '1 02 0300', '5 1 1 01 22', 19579051, 0, 0, 0, 0, 0, 0, 0, 0, 0, 0, 0, 0, 0, 0, 1),
(54, '1 02 0300', '5 1 1 01 23', 53752887, 0, 0, 0, 0, 0, 0, 0, 0, 0, 0, 0, 0, 0, 0, 1),
(55, '1 02 0300', '5 1 1 02 01', 9209905560, 0, 0, 0, 0, 0, 0, 0, 0, 0, 0, 0, 0, 0, 0, 1),
(56, '1 02 0300', '5 1 1 02 06', 5853615070, 0, 0, 0, 0, 0, 0, 0, 0, 0, 0, 0, 0, 0, 0, 1),
(57, '1 02 0300', '5 1 1 08 01', 23355596425, 0, 0, 0, 0, 0, 0, 0, 0, 0, 0, 0, 0, 0, 0, 1),
(58, '1 03 0100', '5 1 1 01 01', 10561148867, 0, 0, 0, 0, 0, 0, 0, 0, 0, 0, 0, 0, 0, 0, 1),
(59, '1 03 0100', '5 1 1 01 02', 1196722868, 0, 0, 0, 0, 0, 0, 0, 0, 0, 0, 0, 0, 0, 0, 1),
(60, '1 03 0100', '5 1 1 01 03', 219626750, 0, 0, 0, 0, 0, 0, 0, 0, 0, 0, 0, 0, 0, 0, 1),
(61, '1 03 0100', '5 1 1 01 05', 593516000, 0, 0, 0, 0, 0, 0, 0, 0, 0, 0, 0, 0, 0, 0, 1),
(62, '1 03 0100', '5 1 1 01 06', 697469778, 0, 0, 0, 0, 0, 0, 0, 0, 0, 0, 0, 0, 0, 0, 1),
(63, '1 03 0100', '5 1 1 01 07', 9885952, 0, 0, 0, 0, 0, 0, 0, 0, 0, 0, 0, 0, 0, 0, 1),
(64, '1 03 0100', '5 1 1 01 08', 751734, 0, 0, 0, 0, 0, 0, 0, 0, 0, 0, 0, 0, 0, 0, 1),
(65, '1 03 0100', '5 1 1 01 21', 304478961, 0, 0, 0, 0, 0, 0, 0, 0, 0, 0, 0, 0, 0, 0, 1),
(66, '1 03 0100', '5 1 1 01 22', 21727489, 0, 0, 0, 0, 0, 0, 0, 0, 0, 0, 0, 0, 0, 0, 1),
(67, '1 03 0100', '5 1 1 01 23', 65182601, 0, 0, 0, 0, 0, 0, 0, 0, 0, 0, 0, 0, 0, 0, 1),
(68, '1 03 0100', '5 1 1 02 01', 10667509832, 0, 0, 0, 0, 0, 0, 0, 0, 0, 0, 0, 0, 0, 0, 1),
(69, '1 03 0100', '5 1 1 02 06', 21308514750, 0, 0, 0, 0, 0, 0, 0, 0, 0, 0, 0, 0, 0, 0, 1),
(70, '1 04 0100', '5 1 1 01 01', 7437637734, 0, 0, 0, 0, 0, 0, 0, 0, 0, 0, 0, 0, 0, 0, 1),
(71, '1 04 0100', '5 1 1 01 02', 880179468, 0, 0, 0, 0, 0, 0, 0, 0, 0, 0, 0, 0, 0, 0, 1),
(72, '1 04 0100', '5 1 1 01 03', 225223250, 0, 0, 0, 0, 0, 0, 0, 0, 0, 0, 0, 0, 0, 0, 1),
(73, '1 04 0100', '5 1 1 01 05', 425204850, 0, 0, 0, 0, 0, 0, 0, 0, 0, 0, 0, 0, 0, 0, 1),
(74, '1 04 0100', '5 1 1 01 06', 529115004, 0, 0, 0, 0, 0, 0, 0, 0, 0, 0, 0, 0, 0, 0, 1),
(75, '1 04 0100', '5 1 1 01 07', 7757608, 0, 0, 0, 0, 0, 0, 0, 0, 0, 0, 0, 0, 0, 0, 1),
(76, '1 04 0100', '5 1 1 01 08', 613616, 0, 0, 0, 0, 0, 0, 0, 0, 0, 0, 0, 0, 0, 0, 1),
(77, '1 04 0100', '5 1 1 01 21', 219041214, 0, 0, 0, 0, 0, 0, 0, 0, 0, 0, 0, 0, 0, 0, 1),
(78, '1 04 0100', '5 1 1 01 22', 17336888, 0, 0, 0, 0, 0, 0, 0, 0, 0, 0, 0, 0, 0, 0, 1),
(79, '1 04 0100', '5 1 1 01 23', 48010731, 0, 0, 0, 0, 0, 0, 0, 0, 0, 0, 0, 0, 0, 0, 1),
(80, '1 04 0100', '5 1 1 02 01', 7528158384, 0, 0, 0, 0, 0, 0, 0, 0, 0, 0, 0, 0, 0, 0, 1),
(81, '1 04 0100', '5 1 1 02 06', 9140816830, 0, 0, 0, 0, 0, 0, 0, 0, 0, 0, 0, 0, 0, 0, 1),
(82, '1 04 0200', '5 1 1 01 01', 3077567013, 0, 0, 0, 0, 0, 0, 0, 0, 0, 0, 0, 0, 0, 0, 1),
(83, '1 04 0200', '5 1 1 01 02', 304436907, 0, 0, 0, 0, 0, 0, 0, 0, 0, 0, 0, 0, 0, 0, 1),
(84, '1 04 0200', '5 1 1 01 03', 211877750, 0, 0, 0, 0, 0, 0, 0, 0, 0, 0, 0, 0, 0, 0, 1),
(85, '1 04 0200', '5 1 1 01 05', 122620750, 0, 0, 0, 0, 0, 0, 0, 0, 0, 0, 0, 0, 0, 0, 1),
(86, '1 04 0200', '5 1 1 01 06', 177262434, 0, 0, 0, 0, 0, 0, 0, 0, 0, 0, 0, 0, 0, 0, 1),
(87, '1 04 0200', '5 1 1 01 07', 11209840, 0, 0, 0, 0, 0, 0, 0, 0, 0, 0, 0, 0, 0, 0, 1),
(88, '1 04 0200', '5 1 1 01 08', 893548, 0, 0, 0, 0, 0, 0, 0, 0, 0, 0, 0, 0, 0, 0, 1),
(89, '1 04 0200', '5 1 1 01 21', 87103991, 0, 0, 0, 0, 0, 0, 0, 0, 0, 0, 0, 0, 0, 0, 1),
(90, '1 04 0200', '5 1 1 01 22', 6848919, 0, 0, 0, 0, 0, 0, 0, 0, 0, 0, 0, 0, 0, 0, 1),
(91, '1 04 0200', '5 1 1 01 23', 19046929, 0, 0, 0, 0, 0, 0, 0, 0, 0, 0, 0, 0, 0, 0, 1),
(92, '1 04 0200', '5 1 1 02 01', 3392433768, 0, 0, 0, 0, 0, 0, 0, 0, 0, 0, 0, 0, 0, 0, 1),
(93, '1 04 0200', '5 1 1 02 06', 6995396842, 0, 0, 0, 0, 0, 0, 0, 0, 0, 0, 0, 0, 0, 0, 1),
(94, '1 05 0100', '5 1 1 01 01', 6040768080, 0, 0, 0, 0, 0, 0, 0, 0, 0, 0, 0, 0, 0, 0, 1),
(95, '1 05 0100', '5 1 1 01 02', 621145321, 0, 0, 0, 0, 0, 0, 0, 0, 0, 0, 0, 0, 0, 0, 1),
(96, '1 05 0100', '5 1 1 01 03', 211877750, 0, 0, 0, 0, 0, 0, 0, 0, 0, 0, 0, 0, 0, 0, 1),
(97, '1 05 0100', '5 1 1 01 05', 301493500, 0, 0, 0, 0, 0, 0, 0, 0, 0, 0, 0, 0, 0, 0, 1),
(98, '1 05 0100', '5 1 1 01 06', 352743336, 0, 0, 0, 0, 0, 0, 0, 0, 0, 0, 0, 0, 0, 0, 1),
(99, '1 05 0100', '5 1 1 01 07', 6546532, 0, 0, 0, 0, 0, 0, 0, 0, 0, 0, 0, 0, 0, 0, 1),
(100, '1 05 0100', '5 1 1 01 08', 750200, 0, 0, 0, 0, 0, 0, 0, 0, 0, 0, 0, 0, 0, 0, 1),
(101, '1 05 0100', '5 1 1 01 21', 171200754, 0, 0, 0, 0, 0, 0, 0, 0, 0, 0, 0, 0, 0, 0, 1),
(102, '1 05 0100', '5 1 1 01 22', 12481635, 0, 0, 0, 0, 0, 0, 0, 0, 0, 0, 0, 0, 0, 0, 1),
(103, '1 05 0100', '5 1 1 01 23', 37444892, 0, 0, 0, 0, 0, 0, 0, 0, 0, 0, 0, 0, 0, 0, 1),
(104, '1 05 0100', '5 1 1 02 01', 6376080120, 0, 0, 0, 0, 0, 0, 0, 0, 0, 0, 0, 0, 0, 0, 1),
(105, '1 05 0100', '5 1 1 02 06', 17027451830, 0, 0, 0, 0, 0, 0, 0, 0, 0, 0, 0, 0, 0, 0, 1),
(106, '1 06 0100', '5 1 1 01 01', 2885067947, 0, 0, 0, 0, 0, 0, 0, 0, 0, 0, 0, 0, 0, 0, 1),
(107, '1 06 0100', '5 1 1 01 02', 326283856, 0, 0, 0, 0, 0, 0, 0, 0, 0, 0, 0, 0, 0, 0, 1),
(108, '1 06 0100', '5 1 1 01 03', 196379750, 0, 0, 0, 0, 0, 0, 0, 0, 0, 0, 0, 0, 0, 0, 1),
(109, '1 06 0100', '5 1 1 01 05', 113221500, 0, 0, 0, 0, 0, 0, 0, 0, 0, 0, 0, 0, 0, 0, 1),
(110, '1 06 0100', '5 1 1 01 06', 150539454, 0, 0, 0, 0, 0, 0, 0, 0, 0, 0, 0, 0, 0, 0, 1),
(111, '1 06 0100', '5 1 1 01 07', 6864218, 0, 0, 0, 0, 0, 0, 0, 0, 0, 0, 0, 0, 0, 0, 1),
(112, '1 06 0100', '5 1 1 01 08', 750000, 0, 0, 0, 0, 0, 0, 0, 0, 0, 0, 0, 0, 0, 0, 1),
(113, '1 06 0100', '5 1 1 01 21', 78265412, 0, 0, 0, 0, 0, 0, 0, 0, 0, 0, 0, 0, 0, 0, 1),
(114, '1 06 0100', '5 1 1 01 22', 6542693, 0, 0, 0, 0, 0, 0, 0, 0, 0, 0, 0, 0, 0, 0, 1),
(115, '1 06 0100', '5 1 1 01 23', 17628198, 0, 0, 0, 0, 0, 0, 0, 0, 0, 0, 0, 0, 0, 0, 1),
(116, '1 06 0100', '5 1 1 02 01', 3611132360, 0, 0, 0, 0, 0, 0, 0, 0, 0, 0, 0, 0, 0, 0, 1),
(117, '1 06 0100', '5 1 1 02 06', 14469155318, 0, 0, 0, 0, 0, 0, 0, 0, 0, 0, 0, 0, 0, 0, 1),
(118, '1 07 0100', '5 1 1 01 01', 17335690636, 0, 0, 0, 0, 0, 0, 0, 0, 0, 0, 0, 0, 0, 0, 1),
(119, '1 07 0100', '5 1 1 01 02', 1870802859, 0, 0, 0, 0, 0, 0, 0, 0, 0, 0, 0, 0, 0, 0, 1),
(120, '1 07 0100', '5 1 1 01 03', 256075750, 0, 0, 0, 0, 0, 0, 0, 0, 0, 0, 0, 0, 0, 0, 1),
(121, '1 07 0100', '5 1 1 01 04', 28413000, 0, 0, 0, 0, 0, 0, 0, 0, 0, 0, 0, 0, 0, 0, 1),
(122, '1 07 0100', '5 1 1 01 05', 1030186500, 0, 0, 0, 0, 0, 0, 0, 0, 0, 0, 0, 0, 0, 0, 1),
(123, '1 07 0100', '5 1 1 01 06', 1141962012, 0, 0, 0, 0, 0, 0, 0, 0, 0, 0, 0, 0, 0, 0, 1),
(124, '1 07 0100', '5 1 1 01 07', 6100520, 0, 0, 0, 0, 0, 0, 0, 0, 0, 0, 0, 0, 0, 0, 1),
(125, '1 07 0100', '5 1 1 01 08', 1077366, 0, 0, 0, 0, 0, 0, 0, 0, 0, 0, 0, 0, 0, 0, 1),
(126, '1 07 0100', '5 1 1 01 21', 494871072, 0, 0, 0, 0, 0, 0, 0, 0, 0, 0, 0, 0, 0, 0, 1),
(127, '1 07 0100', '5 1 1 01 22', 35728822, 0, 0, 0, 0, 0, 0, 0, 0, 0, 0, 0, 0, 0, 0, 1),
(128, '1 07 0100', '5 1 1 01 23', 107186492, 0, 0, 0, 0, 0, 0, 0, 0, 0, 0, 0, 0, 0, 0, 1),
(129, '1 07 0100', '5 1 1 02 01', 15410847888, 0, 0, 0, 0, 0, 0, 0, 0, 0, 0, 0, 0, 0, 0, 1),
(130, '1 07 0100', '5 1 1 02 06', 17435648035, 0, 0, 0, 0, 0, 0, 0, 0, 0, 0, 0, 0, 0, 0, 1),
(131, '1 08 0100', '5 1 1 01 01', 2679010542, 0, 0, 0, 0, 0, 0, 0, 0, 0, 0, 0, 0, 0, 0, 1),
(132, '1 08 0100', '5 1 1 01 02', 295605668, 0, 0, 0, 0, 0, 0, 0, 0, 0, 0, 0, 0, 0, 0, 1),
(133, '1 08 0100', '5 1 1 01 03', 151320750, 0, 0, 0, 0, 0, 0, 0, 0, 0, 0, 0, 0, 0, 0, 1),
(134, '1 08 0100', '5 1 1 01 04', 27982500, 0, 0, 0, 0, 0, 0, 0, 0, 0, 0, 0, 0, 0, 0, 1),
(135, '1 08 0100', '5 1 1 01 05', 99660750, 0, 0, 0, 0, 0, 0, 0, 0, 0, 0, 0, 0, 0, 0, 1),
(136, '1 08 0100', '5 1 1 01 06', 147867156, 0, 0, 0, 0, 0, 0, 0, 0, 0, 0, 0, 0, 0, 0, 1),
(137, '1 08 0100', '5 1 1 01 07', 14540419, 0, 0, 0, 0, 0, 0, 0, 0, 0, 0, 0, 0, 0, 0, 1),
(138, '1 08 0100', '5 1 1 01 08', 750000, 0, 0, 0, 0, 0, 0, 0, 0, 0, 0, 0, 0, 0, 0, 1),
(139, '1 08 0100', '5 1 1 01 21', 120919577, 0, 0, 0, 0, 0, 0, 0, 0, 0, 0, 0, 0, 0, 0, 1),
(140, '1 08 0100', '5 1 1 01 22', 6041034, 0, 0, 0, 0, 0, 0, 0, 0, 0, 0, 0, 0, 0, 0, 1),
(141, '1 08 0100', '5 1 1 01 23', 18589404, 0, 0, 0, 0, 0, 0, 0, 0, 0, 0, 0, 0, 0, 0, 1),
(142, '1 08 0100', '5 1 1 02 01', 2465684904, 0, 0, 0, 0, 0, 0, 0, 0, 0, 0, 0, 0, 0, 0, 1),
(143, '1 08 0100', '5 1 1 02 06', 4421736559, 0, 0, 0, 0, 0, 0, 0, 0, 0, 0, 0, 0, 0, 0, 1),
(144, '1 08 0200', '5 1 1 01 01', 13505004772, 0, 0, 0, 0, 0, 0, 0, 0, 0, 0, 0, 0, 0, 0, 1),
(145, '1 08 0200', '5 1 1 01 02', 1506800748, 0, 0, 0, 0, 0, 0, 0, 0, 0, 0, 0, 0, 0, 0, 1),
(146, '1 08 0200', '5 1 1 01 03', 242156250, 0, 0, 0, 0, 0, 0, 0, 0, 0, 0, 0, 0, 0, 0, 1),
(147, '1 08 0200', '5 1 1 01 05', 814864750, 0, 0, 0, 0, 0, 0, 0, 0, 0, 0, 0, 0, 0, 0, 1),
(148, '1 08 0200', '5 1 1 01 06', 944211960, 0, 0, 0, 0, 0, 0, 0, 0, 0, 0, 0, 0, 0, 0, 1),
(149, '1 08 0200', '5 1 1 01 07', 5829212, 0, 0, 0, 0, 0, 0, 0, 0, 0, 0, 0, 0, 0, 0, 1),
(150, '1 08 0200', '5 1 1 01 08', 1208302, 0, 0, 0, 0, 0, 0, 0, 0, 0, 0, 0, 0, 0, 0, 1),
(151, '1 08 0200', '5 1 1 01 21', 385786513, 0, 0, 0, 0, 0, 0, 0, 0, 0, 0, 0, 0, 0, 0, 1),
(152, '1 08 0200', '5 1 1 01 22', 27777077, 0, 0, 0, 0, 0, 0, 0, 0, 0, 0, 0, 0, 0, 0, 1),
(153, '1 08 0200', '5 1 1 01 23', 83331772, 0, 0, 0, 0, 0, 0, 0, 0, 0, 0, 0, 0, 0, 0, 1),
(154, '1 08 0200', '5 1 1 02 01', 12221253272, 0, 0, 0, 0, 0, 0, 0, 0, 0, 0, 0, 0, 0, 0, 1),
(155, '1 08 0200', '5 1 1 02 06', 20464576307, 0, 0, 0, 0, 0, 0, 0, 0, 0, 0, 0, 0, 0, 0, 1),
(156, '1 10 0100', '5 1 1 01 01', 2946555100, 0, 0, 0, 0, 0, 0, 0, 0, 0, 0, 0, 0, 0, 0, 1),
(157, '1 10 0100', '5 1 1 01 02', 295744981, 0, 0, 0, 0, 0, 0, 0, 0, 0, 0, 0, 0, 0, 0, 1),
(158, '1 10 0100', '5 1 1 01 03', 224792750, 0, 0, 0, 0, 0, 0, 0, 0, 0, 0, 0, 0, 0, 0, 1),
(159, '1 10 0100', '5 1 1 01 05', 141706250, 0, 0, 0, 0, 0, 0, 0, 0, 0, 0, 0, 0, 0, 0, 1),
(160, '1 10 0100', '5 1 1 01 06', 154993284, 0, 0, 0, 0, 0, 0, 0, 0, 0, 0, 0, 0, 0, 0, 1),
(161, '1 10 0100', '5 1 1 01 07', 11603749, 0, 0, 0, 0, 0, 0, 0, 0, 0, 0, 0, 0, 0, 0, 1),
(162, '1 10 0100', '5 1 1 01 08', 750000, 0, 0, 0, 0, 0, 0, 0, 0, 0, 0, 0, 0, 0, 0, 1),
(163, '1 10 0100', '5 1 1 01 21', 86546361, 0, 0, 0, 0, 0, 0, 0, 0, 0, 0, 0, 0, 0, 0, 1),
(164, '1 10 0100', '5 1 1 01 22', 6480756, 0, 0, 0, 0, 0, 0, 0, 0, 0, 0, 0, 0, 0, 0, 1),
(165, '1 10 0100', '5 1 1 01 23', 33273744, 0, 0, 0, 0, 0, 0, 0, 0, 0, 0, 0, 0, 0, 0, 1),
(166, '1 10 0100', '5 1 1 02 01', 2783633832, 0, 0, 0, 0, 0, 0, 0, 0, 0, 0, 0, 0, 0, 0, 1),
(167, '1 10 0100', '5 1 1 02 06', 5309913718, 0, 0, 0, 0, 0, 0, 0, 0, 0, 0, 0, 0, 0, 0, 1),
(168, '1 12 0100', '5 1 1 01 01', 2345336234, 0, 0, 0, 0, 0, 0, 0, 0, 0, 0, 0, 0, 0, 0, 1),
(169, '1 12 0100', '5 1 1 01 02', 175392270, 0, 0, 0, 0, 0, 0, 0, 0, 0, 0, 0, 0, 0, 0, 1),
(170, '1 12 0100', '5 1 1 01 03', 180881750, 0, 0, 0, 0, 0, 0, 0, 0, 0, 0, 0, 0, 0, 0, 1),
(171, '1 12 0100', '5 1 1 01 05', 102530750, 0, 0, 0, 0, 0, 0, 0, 0, 0, 0, 0, 0, 0, 0, 1),
(172, '1 12 0100', '5 1 1 01 06', 98875026, 0, 0, 0, 0, 0, 0, 0, 0, 0, 0, 0, 0, 0, 0, 1),
(173, '1 12 0100', '5 1 1 01 07', 15654842, 0, 0, 0, 0, 0, 0, 0, 0, 0, 0, 0, 0, 0, 0, 1),
(174, '1 12 0100', '5 1 1 01 08', 750000, 0, 0, 0, 0, 0, 0, 0, 0, 0, 0, 0, 0, 0, 0, 1),
(175, '1 12 0100', '5 1 1 01 21', 63008284, 0, 0, 0, 0, 0, 0, 0, 0, 0, 0, 0, 0, 0, 0, 1),
(176, '1 12 0100', '5 1 1 01 22', 4786201, 0, 0, 0, 0, 0, 0, 0, 0, 0, 0, 0, 0, 0, 0, 1),
(177, '1 12 0100', '5 1 1 01 23', 14358670, 0, 0, 0, 0, 0, 0, 0, 0, 0, 0, 0, 0, 0, 0, 1),
(178, '1 12 0100', '5 1 1 02 01', 2353905984, 0, 0, 0, 0, 0, 0, 0, 0, 0, 0, 0, 0, 0, 0, 1),
(179, '1 12 0100', '5 1 1 02 06', 4510524374, 0, 0, 0, 0, 0, 0, 0, 0, 0, 0, 0, 0, 0, 0, 1),
(180, '1 12 0100', '5 1 1 05 01', 0, 0, 0, 0, 0, 0, 0, 0, 0, 0, 0, 0, 0, 0, 0, 1),
(181, '1 13 0100', '5 1 1 01 01', 3756110779, 0, 0, 0, 0, 0, 0, 0, 0, 0, 0, 0, 0, 0, 0, 1),
(182, '1 13 0100', '5 1 1 01 02', 404940298, 0, 0, 0, 0, 0, 0, 0, 0, 0, 0, 0, 0, 0, 0, 1),
(183, '1 13 0100', '5 1 1 01 03', 251196750, 0, 0, 0, 0, 0, 0, 0, 0, 0, 0, 0, 0, 0, 0, 1),
(184, '1 13 0100', '5 1 1 01 05', 136396750, 0, 0, 0, 0, 0, 0, 0, 0, 0, 0, 0, 0, 0, 0, 1),
(185, '1 13 0100', '5 1 1 01 06', 193296222, 0, 0, 0, 0, 0, 0, 0, 0, 0, 0, 0, 0, 0, 0, 1),
(186, '1 13 0100', '5 1 1 01 07', 15236420, 0, 0, 0, 0, 0, 0, 0, 0, 0, 0, 0, 0, 0, 0, 1),
(187, '1 13 0100', '5 1 1 01 08', 750000, 0, 0, 0, 0, 0, 0, 0, 0, 0, 0, 0, 0, 0, 0, 1),
(188, '1 13 0100', '5 1 1 01 21', 105988650, 0, 0, 0, 0, 0, 0, 0, 0, 0, 0, 0, 0, 0, 0, 1),
(189, '1 13 0100', '5 1 1 01 22', 8558254, 0, 0, 0, 0, 0, 0, 0, 0, 0, 0, 0, 0, 0, 0, 1),
(190, '1 13 0100', '5 1 1 01 23', 27091117, 0, 0, 0, 0, 0, 0, 0, 0, 0, 0, 0, 0, 0, 0, 1),
(191, '1 13 0100', '5 1 1 02 01', 3306397872, 0, 0, 0, 0, 0, 0, 0, 0, 0, 0, 0, 0, 0, 0, 1),
(192, '1 13 0100', '5 1 1 02 06', 6549953081, 0, 0, 0, 0, 0, 0, 0, 0, 0, 0, 0, 0, 0, 0, 1),
(193, '1 14 0100', '5 1 1 01 01', 2321850522, 0, 0, 0, 0, 0, 0, 0, 0, 0, 0, 0, 0, 0, 0, 1),
(194, '1 14 0100', '5 1 1 01 02', 229163175, 0, 0, 0, 0, 0, 0, 0, 0, 0, 0, 0, 0, 0, 0, 1),
(195, '1 14 0100', '5 1 1 01 03', 151320750, 0, 0, 0, 0, 0, 0, 0, 0, 0, 0, 0, 0, 0, 0, 1),
(196, '1 14 0100', '5 1 1 01 04', 130872000, 0, 0, 0, 0, 0, 0, 0, 0, 0, 0, 0, 0, 0, 0, 1),
(197, '1 14 0100', '5 1 1 01 05', 47355000, 0, 0, 0, 0, 0, 0, 0, 0, 0, 0, 0, 0, 0, 0, 1),
(198, '1 14 0100', '5 1 1 01 06', 102438090, 0, 0, 0, 0, 0, 0, 0, 0, 0, 0, 0, 0, 0, 0, 1),
(199, '1 14 0100', '5 1 1 01 07', 21167366, 0, 0, 0, 0, 0, 0, 0, 0, 0, 0, 0, 0, 0, 0, 1),
(200, '1 14 0100', '5 1 1 01 08', 750824, 0, 0, 0, 0, 0, 0, 0, 0, 0, 0, 0, 0, 0, 0, 1),
(201, '1 14 0100', '5 1 1 01 21', 63803956, 0, 0, 0, 0, 0, 0, 0, 0, 0, 0, 0, 0, 0, 0, 1),
(202, '1 14 0100', '5 1 1 01 22', 4643826, 0, 0, 0, 0, 0, 0, 0, 0, 0, 0, 0, 0, 0, 0, 1),
(203, '1 14 0100', '5 1 1 01 23', 13931491, 0, 0, 0, 0, 0, 0, 0, 0, 0, 0, 0, 0, 0, 0, 1),
(204, '1 14 0100', '5 1 1 02 01', 2302871568, 0, 0, 0, 0, 0, 0, 0, 0, 0, 0, 0, 0, 0, 0, 1),
(205, '1 14 0100', '5 1 1 02 06', 4206554273, 0, 0, 0, 0, 0, 0, 0, 0, 0, 0, 0, 0, 0, 0, 1),
(206, '1 15 0100', '5 1 1 01 01', 2441017872, 0, 0, 0, 0, 0, 0, 0, 0, 0, 0, 0, 0, 0, 0, 1),
(207, '1 15 0100', '5 1 1 01 02', 192142840, 0, 0, 0, 0, 0, 0, 0, 0, 0, 0, 0, 0, 0, 0, 1),
(208, '1 15 0100', '5 1 1 01 03', 151320750, 0, 0, 0, 0, 0, 0, 0, 0, 0, 0, 0, 0, 0, 0, 1),
(209, '1 15 0100', '5 1 1 01 05', 92270500, 0, 0, 0, 0, 0, 0, 0, 0, 0, 0, 0, 0, 0, 0, 1),
(210, '1 15 0100', '5 1 1 01 06', 108673452, 0, 0, 0, 0, 0, 0, 0, 0, 0, 0, 0, 0, 0, 0, 1),
(211, '1 15 0100', '5 1 1 01 07', 10854120, 0, 0, 0, 0, 0, 0, 0, 0, 0, 0, 0, 0, 0, 0, 1),
(212, '1 15 0100', '5 1 1 01 08', 750000, 0, 0, 0, 0, 0, 0, 0, 0, 0, 0, 0, 0, 0, 0, 1),
(213, '1 15 0100', '5 1 1 01 21', 66905818, 0, 0, 0, 0, 0, 0, 0, 0, 0, 0, 0, 0, 0, 0, 1),
(214, '1 15 0100', '5 1 1 01 22', 6142171, 0, 0, 0, 0, 0, 0, 0, 0, 0, 0, 0, 0, 0, 0, 1),
(215, '1 15 0100', '5 1 1 01 23', 15961147, 0, 0, 0, 0, 0, 0, 0, 0, 0, 0, 0, 0, 0, 0, 1),
(216, '1 15 0100', '5 1 1 02 01', 2421424968, 0, 0, 0, 0, 0, 0, 0, 0, 0, 0, 0, 0, 0, 0, 1),
(217, '1 15 0100', '5 1 1 02 06', 4186522843, 0, 0, 0, 0, 0, 0, 0, 0, 0, 0, 0, 0, 0, 0, 1),
(218, '1 16 0100', '5 1 1 01 01', 2438830073, 0, 0, 0, 0, 0, 0, 0, 0, 0, 0, 0, 0, 0, 0, 1),
(219, '1 16 0100', '5 1 1 01 02', 257326351, 0, 0, 0, 0, 0, 0, 0, 0, 0, 0, 0, 0, 0, 0, 1),
(220, '1 16 0100', '5 1 1 01 03', 178872750, 0, 0, 0, 0, 0, 0, 0, 0, 0, 0, 0, 0, 0, 0, 1),
(221, '1 16 0100', '5 1 1 01 04', 0, 0, 0, 0, 0, 0, 0, 0, 0, 0, 0, 0, 0, 0, 0, 1),
(222, '1 16 0100', '5 1 1 01 05', 92701000, 0, 0, 0, 0, 0, 0, 0, 0, 0, 0, 0, 0, 0, 0, 1),
(223, '1 16 0100', '5 1 1 01 06', 128617920, 0, 0, 0, 0, 0, 0, 0, 0, 0, 0, 0, 0, 0, 0, 1),
(224, '1 16 0100', '5 1 1 01 07', 10584424, 0, 0, 0, 0, 0, 0, 0, 0, 0, 0, 0, 0, 0, 0, 1),
(225, '1 16 0100', '5 1 1 01 08', 750000, 0, 0, 0, 0, 0, 0, 0, 0, 0, 0, 0, 0, 0, 0, 1),
(226, '1 16 0100', '5 1 1 01 09', 0, 0, 0, 0, 0, 0, 0, 0, 0, 0, 0, 0, 0, 0, 0, 1),
(227, '1 16 0100', '5 1 1 01 21', 69344352, 0, 0, 0, 0, 0, 0, 0, 0, 0, 0, 0, 0, 0, 0, 1),
(228, '1 16 0100', '5 1 1 01 22', 5017967, 0, 0, 0, 0, 0, 0, 0, 0, 0, 0, 0, 0, 0, 0, 1),
(229, '1 16 0100', '5 1 1 01 23', 15053821, 0, 0, 0, 0, 0, 0, 0, 0, 0, 0, 0, 0, 0, 0, 1),
(230, '1 16 0100', '5 1 1 02 01', 2304000648, 0, 0, 0, 0, 0, 0, 0, 0, 0, 0, 0, 0, 0, 0, 1),
(231, '1 16 0100', '5 1 1 02 06', 4389291814, 0, 0, 0, 0, 0, 0, 0, 0, 0, 0, 0, 0, 0, 0, 1),
(232, '1 17 0100', '5 1 1 01 01', 3726103852, 0, 0, 0, 0, 0, 0, 0, 0, 0, 0, 0, 0, 0, 0, 1),
(233, '1 17 0100', '5 1 1 01 02', 370966856, 0, 0, 0, 0, 0, 0, 0, 0, 0, 0, 0, 0, 0, 0, 1),
(234, '1 17 0100', '5 1 1 01 03', 204415750, 0, 0, 0, 0, 0, 0, 0, 0, 0, 0, 0, 0, 0, 0, 1),
(235, '1 17 0100', '5 1 1 01 05', 153903750, 0, 0, 0, 0, 0, 0, 0, 0, 0, 0, 0, 0, 0, 0, 1),
(236, '1 17 0100', '5 1 1 01 06', 202203882, 0, 0, 0, 0, 0, 0, 0, 0, 0, 0, 0, 0, 0, 0, 1),
(237, '1 17 0100', '5 1 1 01 07', 12282213, 0, 0, 0, 0, 0, 0, 0, 0, 0, 0, 0, 0, 0, 0, 1),
(238, '1 17 0100', '5 1 1 01 08', 750000, 0, 0, 0, 0, 0, 0, 0, 0, 0, 0, 0, 0, 0, 0, 1),
(239, '1 17 0100', '5 1 1 01 21', 102410417, 0, 0, 0, 0, 0, 0, 0, 0, 0, 0, 0, 0, 0, 0, 1),
(240, '1 17 0100', '5 1 1 01 22', 7460457, 0, 0, 0, 0, 0, 0, 0, 0, 0, 0, 0, 0, 0, 0, 1),
(241, '1 17 0100', '5 1 1 01 23', 22381487, 0, 0, 0, 0, 0, 0, 0, 0, 0, 0, 0, 0, 0, 0, 1),
(242, '1 17 0100', '5 1 1 02 01', 3566763720, 0, 0, 0, 0, 0, 0, 0, 0, 0, 0, 0, 0, 0, 0, 1),
(243, '1 17 0100', '5 1 1 02 06', 5909917457, 0, 0, 0, 0, 0, 0, 0, 0, 0, 0, 0, 0, 0, 0, 1),
(244, '1 18 0100', '5 1 1 01 01', 2057132026, 0, 0, 0, 0, 0, 0, 0, 0, 0, 0, 0, 0, 0, 0, 1),
(245, '1 18 0100', '5 1 1 01 02', 215400587, 0, 0, 0, 0, 0, 0, 0, 0, 0, 0, 0, 0, 0, 0, 1),
(246, '1 18 0100', '5 1 1 01 03', 163087750, 0, 0, 0, 0, 0, 0, 0, 0, 0, 0, 0, 0, 0, 0, 1),
(247, '1 18 0100', '5 1 1 01 05', 70577920, 0, 0, 0, 0, 0, 0, 0, 0, 0, 0, 0, 0, 0, 0, 1),
(248, '1 18 0100', '5 1 1 01 06', 112236516, 0, 0, 0, 0, 0, 0, 0, 0, 0, 0, 0, 0, 0, 0, 1),
(249, '1 18 0100', '5 1 1 01 07', 7386530, 0, 0, 0, 0, 0, 0, 0, 0, 0, 0, 0, 0, 0, 0, 1),
(250, '1 18 0100', '5 1 1 01 08', 750000, 0, 0, 0, 0, 0, 0, 0, 0, 0, 0, 0, 0, 0, 0, 1),
(251, '1 18 0100', '5 1 1 01 21', 58370402, 0, 0, 0, 0, 0, 0, 0, 0, 0, 0, 0, 0, 0, 0, 1),
(252, '1 18 0100', '5 1 1 01 22', 4239044, 0, 0, 0, 0, 0, 0, 0, 0, 0, 0, 0, 0, 0, 0, 1),
(253, '1 18 0100', '5 1 1 01 23', 12717160, 0, 0, 0, 0, 0, 0, 0, 0, 0, 0, 0, 0, 0, 0, 1),
(254, '1 18 0100', '5 1 1 02 01', 1987133088, 0, 0, 0, 0, 0, 0, 0, 0, 0, 0, 0, 0, 0, 0, 1),
(255, '1 18 0100', '5 1 1 02 06', 4294264987, 0, 0, 0, 0, 0, 0, 0, 0, 0, 0, 0, 0, 0, 0, 1),
(256, '1 19 0100', '5 1 1 01 01', 1409349160, 0, 0, 0, 0, 0, 0, 0, 0, 0, 0, 0, 0, 0, 0, 1),
(257, '1 19 0100', '5 1 1 01 02', 171909598, 0, 0, 0, 0, 0, 0, 0, 0, 0, 0, 0, 0, 0, 0, 1),
(258, '1 19 0100', '5 1 1 01 03', 129795750, 0, 0, 0, 0, 0, 0, 0, 0, 0, 0, 0, 0, 0, 0, 1),
(259, '1 19 0100', '5 1 1 01 05', 46565750, 0, 0, 0, 0, 0, 0, 0, 0, 0, 0, 0, 0, 0, 0, 1),
(260, '1 19 0100', '5 1 1 01 06', 80168940, 0, 0, 0, 0, 0, 0, 0, 0, 0, 0, 0, 0, 0, 0, 1),
(261, '1 19 0100', '5 1 1 01 07', 8129906, 0, 0, 0, 0, 0, 0, 0, 0, 0, 0, 0, 0, 0, 0, 1),
(262, '1 19 0100', '5 1 1 01 08', 750000, 0, 0, 0, 0, 0, 0, 0, 0, 0, 0, 0, 0, 0, 0, 1),
(263, '1 19 0100', '5 1 1 01 21', 42280475, 0, 0, 0, 0, 0, 0, 0, 0, 0, 0, 0, 0, 0, 0, 1),
(264, '1 19 0100', '5 1 1 01 22', 3692877, 0, 0, 0, 0, 0, 0, 0, 0, 0, 0, 0, 0, 0, 0, 1),
(265, '1 19 0100', '5 1 1 01 23', 11446674, 0, 0, 0, 0, 0, 0, 0, 0, 0, 0, 0, 0, 0, 0, 1),
(266, '1 19 0100', '5 1 1 02 01', 1567163040, 0, 0, 0, 0, 0, 0, 0, 0, 0, 0, 0, 0, 0, 0, 1),
(267, '1 19 0100', '5 1 1 02 06', 2985021341, 0, 0, 0, 0, 0, 0, 0, 0, 0, 0, 0, 0, 0, 0, 1),
(268, '1 19 0200', '5 1 1 01 01', 6197380580, 399612000, 399794600, 404445500, 408390400, 429394360, 427346560, 0, 0, 0, 0, 0, 0, 509065780, 0, 1),
(269, '1 19 0200', '5 1 1 01 02', 705301852, 45430568, 45452480, 45305294, 45500092, 48657736, 48314824, 0, 0, 0, 0, 0, 0, 57191974, 0, 1),
(270, '1 19 0200', '5 1 1 01 03', 151320750, 10545000, 10545000, 10545000, 10545000, 10545000, 10545000, 0, 0, 0, 0, 0, 0, 10545000, 0, 1),
(271, '1 19 0200', '5 1 1 01 05', 336579250, 22900000, 22900000, 23265000, 23450000, 23265000, 23085000, 0, 0, 0, 0, 0, 0, 23450000, 0, 1),
(272, '1 19 0200', '5 1 1 01 06', 415987722, 32516580, 32516580, 32589000, 32733840, 32806260, 32516580, 0, 0, 0, 0, 0, 0, 0, 0, 1),
(273, '1 19 0200', '5 1 1 01 07', 6134914, 189767, 189768, 189767, 189767, 234709, 243955, 0, 0, 0, 0, 0, 0, 1544102, 0, 1),
(274, '1 19 0200', '5 1 1 01 08', 750868, 6908, 6848, 6985, 7083, 7356, 7277, 0, 0, 0, 0, 0, 0, 16138, 0, 1),
(275, '1 19 0200', '5 1 1 01 21', 176799817, 13351289, 13357423, 13492536, 13624097, 14341559, 14269836, 0, 0, 0, 0, 0, 0, 2682934, 0, 1),
(276, '1 19 0200', '5 1 1 01 22', 12964966, 959068, 959506, 970666, 980132, 1030565, 1025652, 0, 0, 0, 0, 0, 0, 192768, 0, 1),
(277, '1 19 0200', '5 1 1 01 23', 38261077, 2877221, 2878535, 2912027, 2940429, 3091652, 3076910, 0, 0, 0, 0, 0, 0, 577936, 0, 1),
(278, '1 19 0200', '5 1 1 02 01', 5972060328, 509179650, 507425600, 504706750, 513266400, 518370450, 511270150, 0, 0, 0, 0, 0, 0, 0, 0, 1),
(279, '1 19 0200', '5 1 1 02 06', 7301594292, 294211415, 621807849, 617732459, 634203398, 634912584, 640926483, 0, 0, 0, 0, 0, 0, 0, 0, 1),
(280, '1 19 0300', '5 1 1 01 01', 1819069140, 0, 0, 0, 0, 0, 0, 0, 0, 0, 0, 0, 0, 0, 0, 1),
(281, '1 19 0300', '5 1 1 01 02', 205605864, 0, 0, 0, 0, 0, 0, 0, 0, 0, 0, 0, 0, 0, 0, 1),
(282, '1 19 0300', '5 1 1 01 03', 151320750, 0, 0, 0, 0, 0, 0, 0, 0, 0, 0, 0, 0, 0, 0, 1),
(283, '1 19 0300', '5 1 1 01 05', 64862000, 0, 0, 0, 0, 0, 0, 0, 0, 0, 0, 0, 0, 0, 0, 1),
(284, '1 19 0300', '5 1 1 01 06', 112106160, 0, 0, 0, 0, 0, 0, 0, 0, 0, 0, 0, 0, 0, 0, 1),
(285, '1 19 0300', '5 1 1 01 07', 7197850, 0, 0, 0, 0, 0, 0, 0, 0, 0, 0, 0, 0, 0, 0, 1),
(286, '1 19 0300', '5 1 1 01 08', 750000, 0, 0, 0, 0, 0, 0, 0, 0, 0, 0, 0, 0, 0, 0, 1),
(287, '1 19 0300', '5 1 1 01 21', 55797719, 0, 0, 0, 0, 0, 0, 0, 0, 0, 0, 0, 0, 0, 0, 1),
(288, '1 19 0300', '5 1 1 01 22', 3804821, 0, 0, 0, 0, 0, 0, 0, 0, 0, 0, 0, 0, 0, 0, 1),
(289, '1 19 0300', '5 1 1 01 23', 11414476, 0, 0, 0, 0, 0, 0, 0, 0, 0, 0, 0, 0, 0, 0, 1),
(290, '1 19 0300', '5 1 1 02 01', 2026021152, 167317500, 154628500, 148484700, 148528000, 127596050, 123041900, 0, 0, 0, 0, 0, 0, 0, 0, 1),
(291, '1 19 0300', '5 1 1 02 06', 3589739957, 0, 0, 0, 0, 0, 0, 0, 0, 0, 0, 0, 0, 0, 0, 1),
(292, '1 20 0100', '5 1 1 01 01', 1114260000, 0, 0, 0, 0, 0, 0, 0, 0, 0, 0, 0, 0, 0, 0, 1),
(293, '1 20 0100', '5 1 1 01 02', 155996400, 0, 0, 0, 0, 0, 0, 0, 0, 0, 0, 0, 0, 0, 0, 1),
(294, '1 20 0100', '5 1 1 01 03', 1615677000, 0, 0, 0, 0, 0, 0, 0, 0, 0, 0, 0, 0, 0, 0, 1),
(295, '1 20 0100', '5 1 1 01 06', 173808000, 0, 0, 0, 0, 0, 0, 0, 0, 0, 0, 0, 0, 0, 0, 1),
(296, '1 20 0100', '5 1 1 01 07', 333978200, 0, 0, 0, 0, 0, 0, 0, 0, 0, 0, 0, 0, 0, 0, 1),
(297, '1 20 0100', '5 1 1 01 10', 95508000, 0, 0, 0, 0, 0, 0, 0, 0, 0, 0, 0, 0, 0, 0, 1),
(298, '1 20 0100', '5 1 1 01 11', 32703300, 0, 0, 0, 0, 0, 0, 0, 0, 0, 0, 0, 0, 0, 0, 1),
(299, '1 20 0100', '5 1 1 01 12', 61387200, 0, 0, 0, 0, 0, 0, 0, 0, 0, 0, 0, 0, 0, 0, 1),
(300, '1 20 0100', '5 1 1 01 13', 34895700, 0, 0, 0, 0, 0, 0, 0, 0, 0, 0, 0, 0, 0, 0, 1),
(301, '1 20 0100', '5 1 1 01 14', 11510100, 0, 0, 0, 0, 0, 0, 0, 0, 0, 0, 0, 0, 0, 0, 1),
(302, '1 20 0100', '5 1 1 01 15', 71253000, 0, 0, 0, 0, 0, 0, 0, 0, 0, 0, 0, 0, 0, 0, 1),
(303, '1 20 0100', '5 1 1 01 16', 14130000000, 0, 0, 0, 0, 0, 0, 0, 0, 0, 0, 0, 0, 0, 0, 1),
(304, '1 20 0100', '5 1 1 01 18', 477540000, 0, 0, 0, 0, 0, 0, 0, 0, 0, 0, 0, 0, 0, 0, 1),
(305, '1 20 0100', '5 1 1 01 20', 18818100, 0, 0, 0, 0, 0, 0, 0, 0, 0, 0, 0, 0, 0, 0, 1),
(306, '1 20 0100', '5 1 1 01 21', 75547000, 0, 0, 0, 0, 0, 0, 0, 0, 0, 0, 0, 0, 0, 0, 1),
(307, '1 20 0100', '5 1 1 01 22', 5349000, 0, 0, 0, 0, 0, 0, 0, 0, 0, 0, 0, 0, 0, 0, 1),
(308, '1 20 0100', '5 1 1 01 23', 8214000, 0, 0, 0, 0, 0, 0, 0, 0, 0, 0, 0, 0, 0, 0, 1),
(309, '1 20 0100', '5 1 1 01 24', 4857600000, 0, 0, 0, 0, 0, 0, 0, 0, 0, 0, 0, 0, 0, 0, 1),
(310, '1 20 0100', '5 1 1 03 02', 8820000000, 0, 0, 0, 0, 0, 0, 0, 0, 0, 0, 0, 0, 0, 0, 1),
(311, '1 20 0100', '5 1 1 03 04', 2205000000, 0, 0, 0, 0, 0, 0, 0, 0, 0, 0, 0, 0, 0, 0, 1),
(312, '1 20 0200', '5 1 1 01 01', 54600000, 0, 0, 0, 0, 0, 0, 0, 0, 0, 0, 0, 0, 0, 0, 1),
(313, '1 20 0200', '5 1 1 01 02', 8408400, 0, 0, 0, 0, 0, 0, 0, 0, 0, 0, 0, 0, 0, 0, 1),
(314, '1 20 0200', '5 1 1 01 03', 98280000, 0, 0, 0, 0, 0, 0, 0, 0, 0, 0, 0, 0, 0, 0, 1),
(315, '1 20 0200', '5 1 1 01 06', 6952320, 0, 0, 0, 0, 0, 0, 0, 0, 0, 0, 0, 0, 0, 0, 1),
(316, '1 20 0200', '5 1 1 01 07', 17505800, 0, 0, 0, 0, 0, 0, 0, 0, 0, 0, 0, 0, 0, 0, 1),
(317, '1 20 0200', '5 1 1 01 08', 482480, 0, 0, 0, 0, 0, 0, 0, 0, 0, 0, 0, 0, 0, 0, 1),
(318, '1 20 0200', '5 1 1 01 21', 3745000, 0, 0, 0, 0, 0, 0, 0, 0, 0, 0, 0, 0, 0, 0, 1),
(319, '1 20 0200', '5 1 1 01 22', 263000, 0, 0, 0, 0, 0, 0, 0, 0, 0, 0, 0, 0, 0, 0, 1),
(320, '1 20 0200', '5 1 1 01 23', 492000, 0, 0, 0, 0, 0, 0, 0, 0, 0, 0, 0, 0, 0, 0, 1),
(321, '1 20 0200', '5 1 1 03 03', 7472971000, 0, 0, 0, 0, 0, 0, 0, 0, 0, 0, 0, 0, 0, 0, 1),
(322, '1 20 0301', '5 1 1 01 01', 820131625, 53435900, 58349300, 56619000, 56619000, 72382000, 119732900, 0, 0, 0, 0, 0, 0, 0, 0, 1),
(323, '1 20 0301', '5 1 1 01 02', 85905140, 5601734, 5601734, 5229654, 5229654, 7296938, 11573056, 0, 0, 0, 0, 0, 0, 0, 0, 1),
(324, '1 20 0301', '5 1 1 01 03', 41328000, 2340000, 2340000, 2880000, 2880000, 2880000, 5760000, 0, 0, 0, 0, 0, 0, 0, 0, 1),
(325, '1 20 0301', '5 1 1 01 05', 37483250, 2560000, 2930000, 2560000, 2560000, 2560000, 5120000, 0, 0, 0, 0, 0, 0, 0, 0, 1),
(326, '1 20 0301', '5 1 1 01 06', 47451105, 3765840, 3910680, 3621000, 3621000, 3838260, 3838260, 0, 0, 0, 0, 0, 0, 0, 0, 1),
(327, '1 20 0301', '5 1 1 01 07', 1692827, 32250, 32250, 32250, 32250, 53504, 676020, 0, 0, 0, 0, 0, 0, 0, 0, 1),
(328, '1 20 0301', '5 1 1 01 08', 750000, 789, 889, 811, 811, 851, 2690, 0, 0, 0, 0, 0, 0, 0, 0, 1),
(329, '1 20 0301', '5 1 1 01 21', 23298092, 1771129, 1918531, 1855459, 1855459, 1987596, 2393781, 0, 0, 0, 0, 0, 0, 0, 0, 1),
(330, '1 20 0301', '5 1 1 01 22', 1687118, 128246, 140038, 135885, 135885, 144444, 146694, 0, 0, 0, 0, 0, 0, 0, 0, 1),
(331, '1 20 0301', '5 1 1 01 23', 5061395, 384739, 420115, 407657, 407657, 433333, 521867, 0, 0, 0, 0, 0, 0, 0, 0, 1),
(332, '1 20 0301', '5 1 1 02 01', 978234912, 71350300, 73990650, 76323500, 75974450, 77936150, 77102699, 0, 0, 0, 0, 0, 0, 0, 0, 1),
(333, '1 20 0301', '5 1 1 02 06', 1978486812, 87448862, 147981583, 153132491, 152716650, 153502725, 155450658, 0, 0, 0, 0, 0, 0, 0, 0, 1),
(334, '1 20 0302', '5 1 1 01 01', 1214853652, 0, 0, 0, 0, 0, 0, 0, 0, 0, 0, 0, 0, 0, 0, 1),
(335, '1 20 0302', '5 1 1 01 02', 148317031, 0, 0, 0, 0, 0, 0, 0, 0, 0, 0, 0, 0, 0, 0, 1),
(336, '1 20 0302', '5 1 1 01 03', 41328000, 0, 0, 0, 0, 0, 0, 0, 0, 0, 0, 0, 0, 0, 0, 1),
(337, '1 20 0302', '5 1 1 01 05', 60915750, 0, 0, 0, 0, 0, 0, 0, 0, 0, 0, 0, 0, 0, 0, 1),
(338, '1 20 0302', '5 1 1 01 06', 80168940, 0, 0, 0, 0, 0, 0, 0, 0, 0, 0, 0, 0, 0, 0, 1),
(339, '1 20 0302', '5 1 1 01 07', 2993498, 0, 0, 0, 0, 0, 0, 0, 0, 0, 0, 0, 0, 0, 0, 1),
(340, '1 20 0302', '5 1 1 01 08', 1048878, 0, 0, 0, 0, 0, 0, 0, 0, 0, 0, 0, 0, 0, 0, 1),
(341, '1 20 0302', '5 1 1 01 21', 36776054, 0, 0, 0, 0, 0, 0, 0, 0, 0, 0, 0, 0, 0, 0, 1),
(342, '1 20 0302', '5 1 1 01 22', 3221172, 0, 0, 0, 0, 0, 0, 0, 0, 0, 0, 0, 0, 0, 0, 1),
(343, '1 20 0302', '5 1 1 01 23', 8057025, 0, 0, 0, 0, 0, 0, 0, 0, 0, 0, 0, 0, 0, 0, 1),
(344, '1 20 0302', '5 1 1 02 01', 1331815056, 0, 0, 0, 0, 0, 0, 0, 0, 0, 0, 0, 0, 0, 0, 1),
(345, '1 20 0302', '5 1 1 02 06', 5678108424, 0, 0, 0, 0, 0, 0, 0, 0, 0, 0, 0, 0, 0, 0, 1),
(346, '1 20 0303', '5 1 1 01 01', 652043700, 0, 0, 0, 0, 0, 0, 0, 0, 0, 0, 0, 0, 0, 0, 1),
(347, '1 20 0303', '5 1 1 01 02', 79329065, 0, 0, 0, 0, 0, 0, 0, 0, 0, 0, 0, 0, 0, 0, 1),
(348, '1 20 0303', '5 1 1 01 03', 41328000, 0, 0, 0, 0, 0, 0, 0, 0, 0, 0, 0, 0, 0, 0, 1),
(349, '1 20 0303', '5 1 1 01 05', 21682500, 0, 0, 0, 0, 0, 0, 0, 0, 0, 0, 0, 0, 0, 0, 1),
(350, '1 20 0303', '5 1 1 01 06', 36521406, 0, 0, 0, 0, 0, 0, 0, 0, 0, 0, 0, 0, 0, 0, 1),
(351, '1 20 0303', '5 1 1 01 07', 3729474, 0, 0, 0, 0, 0, 0, 0, 0, 0, 0, 0, 0, 0, 0, 1),
(352, '1 20 0303', '5 1 1 01 08', 750000, 0, 0, 0, 0, 0, 0, 0, 0, 0, 0, 0, 0, 0, 0, 1),
(353, '1 20 0303', '5 1 1 01 21', 18806713, 0, 0, 0, 0, 0, 0, 0, 0, 0, 0, 0, 0, 0, 0, 1),
(354, '1 20 0303', '5 1 1 01 22', 1341331, 0, 0, 0, 0, 0, 0, 0, 0, 0, 0, 0, 0, 0, 0, 1),
(355, '1 20 0303', '5 1 1 01 23', 4024034, 0, 0, 0, 0, 0, 0, 0, 0, 0, 0, 0, 0, 0, 0, 1),
(356, '1 20 0303', '5 1 1 02 01', 656898744, 0, 0, 0, 0, 0, 0, 0, 0, 0, 0, 0, 0, 0, 0, 1),
(357, '1 20 0303', '5 1 1 02 06', 1689541553, 0, 0, 0, 0, 0, 0, 0, 0, 0, 0, 0, 0, 0, 0, 1),
(358, '1 20 0304', '5 1 1 01 01', 858808326, 0, 0, 0, 0, 0, 0, 0, 0, 0, 0, 0, 0, 0, 0, 1),
(359, '1 20 0304', '5 1 1 01 02', 67806282, 0, 0, 0, 0, 0, 0, 0, 0, 0, 0, 0, 0, 0, 0, 1),
(360, '1 20 0304', '5 1 1 01 03', 41328000, 0, 0, 0, 0, 0, 0, 0, 0, 0, 0, 0, 0, 0, 0, 1),
(361, '1 20 0304', '5 1 1 01 05', 36736000, 0, 0, 0, 0, 0, 0, 0, 0, 0, 0, 0, 0, 0, 0, 1),
(362, '1 20 0304', '5 1 1 01 06', 40084470, 0, 0, 0, 0, 0, 0, 0, 0, 0, 0, 0, 0, 0, 0, 1),
(363, '1 20 0304', '5 1 1 01 07', 1884708, 0, 0, 0, 0, 0, 0, 0, 0, 0, 0, 0, 0, 0, 0, 1),
(364, '1 20 0304', '5 1 1 01 08', 750000, 0, 0, 0, 0, 0, 0, 0, 0, 0, 0, 0, 0, 0, 0, 1),
(365, '1 20 0304', '5 1 1 01 21', 24454156, 0, 0, 0, 0, 0, 0, 0, 0, 0, 0, 0, 0, 0, 0, 1),
(366, '1 20 0304', '5 1 1 01 22', 2409490, 0, 0, 0, 0, 0, 0, 0, 0, 0, 0, 0, 0, 0, 0, 1),
(367, '1 20 0304', '5 1 1 01 23', 5591128, 0, 0, 0, 0, 0, 0, 0, 0, 0, 0, 0, 0, 0, 0, 1),
(368, '1 20 0304', '5 1 1 02 01', 854713560, 0, 0, 0, 0, 0, 0, 0, 0, 0, 0, 0, 0, 0, 0, 1),
(369, '1 20 0304', '5 1 1 02 06', 1887944304, 0, 0, 0, 0, 0, 0, 0, 0, 0, 0, 0, 0, 0, 0, 1),
(370, '1 20 0305', '5 1 1 01 01', 1106241689, 0, 0, 0, 0, 0, 0, 0, 0, 0, 0, 0, 0, 0, 0, 1),
(371, '1 20 0305', '5 1 1 01 02', 131763105, 0, 0, 0, 0, 0, 0, 0, 0, 0, 0, 0, 0, 0, 0, 1),
(372, '1 20 0305', '5 1 1 01 03', 41328000, 0, 0, 0, 0, 0, 0, 0, 0, 0, 0, 0, 0, 0, 0, 1),
(373, '1 20 0305', '5 1 1 01 04', 0, 0, 0, 0, 0, 0, 0, 0, 0, 0, 0, 0, 0, 0, 0, 1),
(374, '1 20 0305', '5 1 1 01 05', 56030800, 0, 0, 0, 0, 0, 0, 0, 0, 0, 0, 0, 0, 0, 0, 1),
(375, '1 20 0305', '5 1 1 01 06', 69588378, 0, 0, 0, 0, 0, 0, 0, 0, 0, 0, 0, 0, 0, 0, 1),
(376, '1 20 0305', '5 1 1 01 07', 1258192, 0, 0, 0, 0, 0, 0, 0, 0, 0, 0, 0, 0, 0, 0, 1),
(377, '1 20 0305', '5 1 1 01 08', 750868, 0, 0, 0, 0, 0, 0, 0, 0, 0, 0, 0, 0, 0, 0, 1),
(378, '1 20 0305', '5 1 1 01 21', 30617629, 0, 0, 0, 0, 0, 0, 0, 0, 0, 0, 0, 0, 0, 0, 1),
(379, '1 20 0305', '5 1 1 01 22', 2217870, 0, 0, 0, 0, 0, 0, 0, 0, 0, 0, 0, 0, 0, 0, 1),
(380, '1 20 0305', '5 1 1 01 23', 6653624, 0, 0, 0, 0, 0, 0, 0, 0, 0, 0, 0, 0, 0, 0, 1),
(381, '1 20 0305', '5 1 1 02 01', 1451045904, 0, 0, 0, 0, 0, 0, 0, 0, 0, 0, 0, 0, 0, 0, 1),
(382, '1 20 0305', '5 1 1 02 06', 5970243162, 0, 0, 0, 0, 0, 0, 0, 0, 0, 0, 0, 0, 0, 0, 1),
(383, '1 20 0306', '5 1 1 01 01', 661270388, 0, 0, 0, 0, 0, 0, 0, 0, 0, 0, 0, 0, 0, 0, 1),
(384, '1 20 0306', '5 1 1 01 02', 52425561, 0, 0, 0, 0, 0, 0, 0, 0, 0, 0, 0, 0, 0, 0, 1),
(385, '1 20 0306', '5 1 1 01 03', 39780720, 0, 0, 0, 0, 0, 0, 0, 0, 0, 0, 0, 0, 0, 0, 1),
(386, '1 20 0306', '5 1 1 01 05', 24883250, 0, 0, 0, 0, 0, 0, 0, 0, 0, 0, 0, 0, 0, 0, 1),
(387, '1 20 0306', '5 1 1 01 06', 25832214, 0, 0, 0, 0, 0, 0, 0, 0, 0, 0, 0, 0, 0, 0, 1),
(388, '1 20 0306', '5 1 1 01 07', 2428970, 0, 0, 0, 0, 0, 0, 0, 0, 0, 0, 0, 0, 0, 0, 1),
(389, '1 20 0306', '5 1 1 01 08', 750000, 0, 0, 0, 0, 0, 0, 0, 0, 0, 0, 0, 0, 0, 0, 1),
(390, '1 20 0306', '5 1 1 01 21', 18997763, 0, 0, 0, 0, 0, 0, 0, 0, 0, 0, 0, 0, 0, 0, 1),
(391, '1 20 0306', '5 1 1 01 22', 1352749, 0, 0, 0, 0, 0, 0, 0, 0, 0, 0, 0, 0, 0, 0, 1),
(392, '1 20 0306', '5 1 1 01 23', 4058208, 0, 0, 0, 0, 0, 0, 0, 0, 0, 0, 0, 0, 0, 0, 1),
(393, '1 20 0306', '5 1 1 02 01', 680835240, 0, 0, 0, 0, 0, 0, 0, 0, 0, 0, 0, 0, 0, 0, 1),
(394, '1 20 0306', '5 1 1 02 06', 1589242598, 0, 0, 0, 0, 0, 0, 0, 0, 0, 0, 0, 0, 0, 0, 1),
(395, '1 20 0307', '5 1 1 01 01', 899106357, 0, 0, 0, 0, 0, 0, 0, 0, 0, 0, 0, 0, 0, 0, 1),
(396, '1 20 0307', '5 1 1 01 02', 109415516, 0, 0, 0, 0, 0, 0, 0, 0, 0, 0, 0, 0, 0, 0, 1),
(397, '1 20 0307', '5 1 1 01 03', 41328000, 0, 0, 0, 0, 0, 0, 0, 0, 0, 0, 0, 0, 0, 0, 1),
(398, '1 20 0307', '5 1 1 01 04', 0, 0, 0, 0, 0, 0, 0, 0, 0, 0, 0, 0, 0, 0, 0, 1),
(399, '1 20 0307', '5 1 1 01 05', 31641750, 0, 0, 0, 0, 0, 0, 0, 0, 0, 0, 0, 0, 0, 0, 1),
(400, '1 20 0307', '5 1 1 01 06', 44538300, 0, 0, 0, 0, 0, 0, 0, 0, 0, 0, 0, 0, 0, 0, 1),
(401, '1 20 0307', '5 1 1 01 07', 4021684, 0, 0, 0, 0, 0, 0, 0, 0, 0, 0, 0, 0, 0, 0, 1),
(402, '1 20 0307', '5 1 1 01 08', 750000, 0, 0, 0, 0, 0, 0, 0, 0, 0, 0, 0, 0, 0, 0, 1),
(403, '1 20 0307', '5 1 1 01 21', 24386129, 0, 0, 0, 0, 0, 0, 0, 0, 0, 0, 0, 0, 0, 0, 1),
(404, '1 20 0307', '5 1 1 01 22', 1853742, 0, 0, 0, 0, 0, 0, 0, 0, 0, 0, 0, 0, 0, 0, 1),
(405, '1 20 0307', '5 1 1 01 23', 5561160, 0, 0, 0, 0, 0, 0, 0, 0, 0, 0, 0, 0, 0, 0, 1),
(406, '1 20 0307', '5 1 1 02 01', 811582704, 0, 0, 0, 0, 0, 0, 0, 0, 0, 0, 0, 0, 0, 0, 1),
(407, '1 20 0307', '5 1 1 02 06', 1731041520, 0, 0, 0, 0, 0, 0, 0, 0, 0, 0, 0, 0, 0, 0, 1),
(408, '1 20 0308', '5 1 1 01 01', 5919968920, 0, 0, 0, 0, 0, 0, 0, 0, 0, 0, 0, 0, 0, 0, 1),
(409, '1 20 0308', '5 1 1 01 02', 592051142, 0, 0, 0, 0, 0, 0, 0, 0, 0, 0, 0, 0, 0, 0, 1),
(410, '1 20 0308', '5 1 1 01 03', 317206750, 0, 0, 0, 0, 0, 0, 0, 0, 0, 0, 0, 0, 0, 0, 1),
(411, '1 20 0308', '5 1 1 01 05', 324166500, 0, 0, 0, 0, 0, 0, 0, 0, 0, 0, 0, 0, 0, 0, 1),
(412, '1 20 0308', '5 1 1 01 06', 349180272, 0, 0, 0, 0, 0, 0, 0, 0, 0, 0, 0, 0, 0, 0, 1),
(413, '1 20 0308', '5 1 1 01 07', 18704538, 0, 0, 0, 0, 0, 0, 0, 0, 0, 0, 0, 0, 0, 0, 1),
(414, '1 20 0308', '5 1 1 01 08', 750183, 0, 0, 0, 0, 0, 0, 0, 0, 0, 0, 0, 0, 0, 0, 1),
(415, '1 20 0308', '5 1 1 01 21', 163539251, 0, 0, 0, 0, 0, 0, 0, 0, 0, 0, 0, 0, 0, 0, 1),
(416, '1 20 0308', '5 1 1 01 22', 11872684, 0, 0, 0, 0, 0, 0, 0, 0, 0, 0, 0, 0, 0, 0, 1),
(417, '1 20 0308', '5 1 1 01 23', 35617760, 0, 0, 0, 0, 0, 0, 0, 0, 0, 0, 0, 0, 0, 0, 1),
(418, '1 20 0308', '5 1 1 02 01', 5590930632, 0, 0, 0, 0, 0, 0, 0, 0, 0, 0, 0, 0, 0, 0, 1),
(419, '1 20 0308', '5 1 1 02 06', 14819042009, 0, 0, 0, 0, 0, 0, 0, 0, 0, 0, 0, 0, 0, 0, 1),
(420, '1 20 0309', '5 1 1 01 01', 2136472056, 0, 0, 0, 0, 0, 0, 0, 0, 0, 0, 0, 0, 0, 0, 1),
(421, '1 20 0309', '5 1 1 01 02', 226564302, 0, 0, 0, 0, 0, 0, 0, 0, 0, 0, 0, 0, 0, 0, 1),
(422, '1 20 0309', '5 1 1 01 03', 41328000, 0, 0, 0, 0, 0, 0, 0, 0, 0, 0, 0, 0, 0, 0, 1),
(423, '1 20 0309', '5 1 1 01 05', 125366500, 0, 0, 0, 0, 0, 0, 0, 0, 0, 0, 0, 0, 0, 0, 1),
(424, '1 20 0309', '5 1 1 01 06', 133614900, 0, 0, 0, 0, 0, 0, 0, 0, 0, 0, 0, 0, 0, 0, 1),
(425, '1 20 0309', '5 1 1 01 07', 2061430, 0, 0, 0, 0, 0, 0, 0, 0, 0, 0, 0, 0, 0, 0, 1),
(426, '1 20 0309', '5 1 1 01 08', 707710, 0, 0, 0, 0, 0, 0, 0, 0, 0, 0, 0, 0, 0, 0, 1),
(427, '1 20 0309', '5 1 1 01 21', 61238826, 0, 0, 0, 0, 0, 0, 0, 0, 0, 0, 0, 0, 0, 0, 1),
(428, '1 20 0309', '5 1 1 01 22', 8114623, 0, 0, 0, 0, 0, 0, 0, 0, 0, 0, 0, 0, 0, 0, 1),
(429, '1 20 0309', '5 1 1 01 23', 14010668, 0, 0, 0, 0, 0, 0, 0, 0, 0, 0, 0, 0, 0, 0, 1),
(430, '1 20 0309', '5 1 1 02 01', 1847021200, 0, 0, 0, 0, 0, 0, 0, 0, 0, 0, 0, 0, 0, 0, 1),
(431, '1 20 0309', '5 1 1 02 06', 3836885588, 0, 0, 0, 0, 0, 0, 0, 0, 0, 0, 0, 0, 0, 0, 1),
(432, '1 20 0310', '5 1 1 01 01', 845237029, 52278100, 52278100, 52679200, 52679200, 55900400, 55900400, 55900400, 0, 0, 0, 0, 0, 0, 0, 1),
(433, '1 20 0310', '5 1 1 01 02', 91502727, 5512122, 5512122, 5462322, 5462322, 5803706, 5803706, 5803706, 0, 0, 0, 0, 0, 0, 0, 1),
(434, '1 20 0310', '5 1 1 01 03', 41328000, 2880000, 2880000, 2880000, 2880000, 2880000, 2880000, 2880000, 0, 0, 0, 0, 0, 0, 0, 1),
(435, '1 20 0310', '5 1 1 01 05', 34368250, 2205000, 2205000, 2205000, 2205000, 2210000, 2210000, 2210000, 0, 0, 0, 0, 0, 0, 0, 1),
(436, '1 20 0310', '5 1 1 01 06', 44538300, 3331320, 3331320, 3258900, 3258900, 3258900, 3258900, 3258899, 0, 0, 0, 0, 0, 0, 0, 1),
(437, '1 20 0310', '5 1 1 01 07', 2271717, 31996, 31996, 31996, 31996, 43729, 43729, 43729, 0, 0, 0, 0, 0, 0, 0, 1),
(438, '1 20 0310', '5 1 1 01 08', 750000, 878, 878, 928, 928, 805, 805, 805, 0, 0, 0, 0, 0, 0, 0, 1),
(439, '1 20 0310', '5 1 1 01 21', 24372989, 1733705, 1733705, 1744245, 1744245, 1851124, 1851124, 1851124, 0, 0, 0, 0, 0, 0, 0, 1),
(440, '1 20 0310', '5 1 1 01 22', 1758631, 125466, 125466, 126430, 126430, 134160, 134160, 134160, 0, 0, 0, 0, 0, 0, 0, 1),
(441, '1 20 0310', '5 1 1 01 23', 5275926, 376401, 376401, 379290, 379290, 402483, 402483, 402483, 0, 0, 0, 0, 0, 0, 0, 1),
(442, '1 20 0310', '5 1 1 02 01', 803904960, 70566750, 69775300, 60624650, 60519000, 60531350, 61341100, 0, 0, 0, 0, 0, 0, 0, 0, 1),
(443, '1 20 0310', '5 1 1 02 06', 1820321818, 95698928, 153137331, 87442591, 88438153, 86450595, 89844799, 0, 0, 0, 0, 0, 0, 0, 0, 1),
(444, '1 20 0400', '5 1 1 01 01', 2928139603, 0, 0, 0, 0, 0, 0, 0, 0, 0, 0, 0, 0, 0, 0, 1),
(445, '1 20 0400', '5 1 1 01 02', 349162403, 0, 0, 0, 0, 0, 0, 0, 0, 0, 0, 0, 0, 0, 0, 1),
(446, '1 20 0400', '5 1 1 01 03', 137544750, 0, 0, 0, 0, 0, 0, 0, 0, 0, 0, 0, 0, 0, 0, 1),
(447, '1 20 0400', '5 1 1 01 05', 137688250, 0, 0, 0, 0, 0, 0, 0, 0, 0, 0, 0, 0, 0, 0, 1),
(448, '1 20 0400', '5 1 1 01 06', 187060860, 0, 0, 0, 0, 0, 0, 0, 0, 0, 0, 0, 0, 0, 0, 1),
(449, '1 20 0400', '5 1 1 01 07', 7124100, 0, 0, 0, 0, 0, 0, 0, 0, 0, 0, 0, 0, 0, 0, 1),
(450, '1 20 0400', '5 1 1 01 08', 750648, 0, 0, 0, 0, 0, 0, 0, 0, 0, 0, 0, 0, 0, 0, 1),
(451, '1 20 0400', '5 1 1 01 21', 82586962, 0, 0, 0, 0, 0, 0, 0, 0, 0, 0, 0, 0, 0, 0, 1),
(452, '1 20 0400', '5 1 1 01 22', 5895767, 0, 0, 0, 0, 0, 0, 0, 0, 0, 0, 0, 0, 0, 0, 1),
(453, '1 20 0400', '5 1 1 01 23', 17687657, 0, 0, 0, 0, 0, 0, 0, 0, 0, 0, 0, 0, 0, 0, 1),
(454, '1 20 0400', '5 1 1 02 01', 2770988136, 0, 0, 0, 0, 0, 0, 0, 0, 0, 0, 0, 0, 0, 0, 1),
(455, '1 20 0400', '5 1 1 02 06', 4298503500, 0, 0, 0, 0, 0, 0, 0, 0, 0, 0, 0, 0, 0, 0, 1),
(456, '1 20 0400', '5 1 1 03 05', 393120000, 0, 0, 0, 0, 0, 0, 0, 0, 0, 0, 0, 0, 0, 0, 1),
(457, '1 20 0500', '5 1 1 01 01', 11258684013, 0, 0, 0, 0, 0, 0, 0, 0, 0, 0, 0, 0, 0, 0, 1),
(458, '1 20 0500', '5 1 1 01 02', 1377582986, 0, 0, 0, 0, 0, 0, 0, 0, 0, 0, 0, 0, 0, 0, 1),
(459, '1 20 0500', '5 1 1 01 03', 293529250, 0, 0, 0, 0, 0, 0, 0, 0, 0, 0, 0, 0, 0, 0, 1),
(460, '1 20 0500', '5 1 1 01 05', 594305250, 0, 0, 0, 0, 0, 0, 0, 0, 0, 0, 0, 0, 0, 0, 1),
(461, '1 20 0500', '5 1 1 01 06', 757151100, 0, 0, 0, 0, 0, 0, 0, 0, 0, 0, 0, 0, 0, 0, 1),
(462, '1 20 0500', '5 1 1 01 07', 82751249, 0, 0, 0, 0, 0, 0, 0, 0, 0, 0, 0, 0, 0, 0, 1),
(463, '1 20 0500', '5 1 1 01 08', 13742867, 0, 0, 0, 0, 0, 0, 0, 0, 0, 0, 0, 0, 0, 0, 1),
(464, '1 20 0500', '5 1 1 01 21', 835416870, 0, 0, 0, 0, 0, 0, 0, 0, 0, 0, 0, 0, 0, 0, 1),
(465, '1 20 0500', '5 1 1 01 22', 61864456, 0, 0, 0, 0, 0, 0, 0, 0, 0, 0, 0, 0, 0, 0, 1),
(466, '1 20 0500', '5 1 1 01 23', 84788524, 0, 0, 0, 0, 0, 0, 0, 0, 0, 0, 0, 0, 0, 0, 1),
(467, '1 20 0500', '5 1 1 02 01', 10170900624, 0, 0, 0, 0, 0, 0, 0, 0, 0, 0, 0, 0, 0, 0, 1),
(468, '1 20 0500', '5 1 1 02 06', 10601765306, 0, 0, 0, 0, 0, 0, 0, 0, 0, 0, 0, 0, 0, 0, 1),
(469, '1 20 0500', '5 1 1 05 01', 64876000000, 0, 0, 0, 0, 0, 0, 0, 0, 0, 0, 0, 0, 0, 0, 1),
(470, '1 20 0500', '5 1 4 01 01', 0, 0, 0, 0, 0, 0, 0, 0, 0, 0, 0, 0, 0, 0, 0, 1),
(471, '1 20 0500', '5 1 4 08 01', 99989015754, 0, 0, 0, 0, 0, 0, 0, 0, 0, 0, 0, 0, 0, 0, 1),
(472, '1 20 0500', '5 1 6 04 01', 750000000, 0, 0, 0, 0, 0, 0, 0, 0, 0, 0, 0, 0, 0, 0, 1),
(473, '1 20 0500', '5 1 7 02 01', 1473130697, 0, 0, 0, 0, 0, 0, 0, 0, 0, 0, 0, 0, 0, 0, 1),
(474, '1 20 0500', '5 1 7 05 01', 210400500, 0, 0, 0, 0, 0, 0, 0, 0, 0, 0, 0, 0, 0, 0, 1),
(475, '1 20 0500', '5 1 7 05 02', 519480000, 0, 0, 0, 0, 0, 0, 0, 0, 0, 0, 0, 0, 0, 0, 1),
(476, '1 20 0500', '5 1 7 05 03', 103404000, 0, 0, 0, 0, 0, 0, 0, 0, 0, 0, 0, 0, 0, 0, 1),
(477, '1 20 0500', '5 1 7 05 04', 179611500, 0, 0, 0, 0, 0, 0, 0, 0, 0, 0, 0, 0, 0, 0, 1),
(478, '1 20 0500', '5 1 7 05 05', 94414500, 0, 0, 0, 0, 0, 0, 0, 0, 0, 0, 0, 0, 0, 0, 1),
(479, '1 20 0500', '5 1 7 05 07', 214318500, 0, 0, 0, 0, 0, 0, 0, 0, 0, 0, 0, 0, 0, 0, 1),
(480, '1 20 0500', '5 1 7 05 08', 110314500, 0, 0, 0, 0, 0, 0, 0, 0, 0, 0, 0, 0, 0, 0, 1),
(481, '1 20 0500', '5 1 7 05 09', 100392000, 0, 0, 0, 0, 0, 0, 0, 0, 0, 0, 0, 0, 0, 0, 1),
(482, '1 20 0500', '5 1 7 05 11', 95710500, 0, 0, 0, 0, 0, 0, 0, 0, 0, 0, 0, 0, 0, 0, 1),
(483, '1 20 0500', '5 1 7 05 13', 80244000, 0, 0, 0, 0, 0, 0, 0, 0, 0, 0, 0, 0, 0, 0, 1),
(484, '1 20 0500', '5 1 8 01 02', 12500000000, 0, 0, 0, 0, 0, 0, 0, 0, 0, 0, 0, 0, 0, 0, 1),
(485, '1 20 0500', '5 1 8 01 03', 2500000000, 0, 0, 0, 0, 0, 0, 0, 0, 0, 0, 0, 0, 0, 0, 1),
(486, '1 20 0700', '5 1 1 01 01', 2847655051, 0, 0, 0, 0, 0, 0, 0, 0, 0, 0, 0, 0, 0, 0, 1),
(487, '1 20 0700', '5 1 1 01 02', 275859289, 0, 0, 0, 0, 0, 0, 0, 0, 0, 0, 0, 0, 0, 0, 1),
(488, '1 20 0700', '5 1 1 01 03', 142710750, 0, 0, 0, 0, 0, 0, 0, 0, 0, 0, 0, 0, 0, 0, 1),
(489, '1 20 0700', '5 1 1 01 04', 330767500, 0, 0, 0, 0, 0, 0, 0, 0, 0, 0, 0, 0, 0, 0, 1),
(490, '1 20 0700', '5 1 1 01 05', 53379760, 0, 0, 0, 0, 0, 0, 0, 0, 0, 0, 0, 0, 0, 0, 1),
(491, '1 20 0700', '5 1 1 01 06', 136287198, 0, 0, 0, 0, 0, 0, 0, 0, 0, 0, 0, 0, 0, 0, 1),
(492, '1 20 0700', '5 1 1 01 07', 23644291, 0, 0, 0, 0, 0, 0, 0, 0, 0, 0, 0, 0, 0, 0, 1),
(493, '1 20 0700', '5 1 1 01 08', 51250, 0, 0, 0, 0, 0, 0, 0, 0, 0, 0, 0, 0, 0, 0, 1),
(494, '1 20 0700', '5 1 1 01 21', 74948371, 0, 0, 0, 0, 0, 0, 0, 0, 0, 0, 0, 0, 0, 0, 1),
(495, '1 20 0700', '5 1 1 01 22', 6304567, 0, 0, 0, 0, 0, 0, 0, 0, 0, 0, 0, 0, 0, 0, 1),
(496, '1 20 0700', '5 1 1 01 23', 18452364, 0, 0, 0, 0, 0, 0, 0, 0, 0, 0, 0, 0, 0, 0, 1),
(497, '1 20 0700', '5 1 1 02 01', 3527923368, 0, 0, 0, 0, 0, 0, 0, 0, 0, 0, 0, 0, 0, 0, 1),
(498, '1 20 0700', '5 1 1 02 06', 7145238881, 0, 0, 0, 0, 0, 0, 0, 0, 0, 0, 0, 0, 0, 0, 1),
(499, '1 20 0901', '5 1 1 01 01', 3028079316, 0, 0, 0, 0, 0, 0, 0, 0, 0, 0, 0, 0, 0, 0, 1),
(500, '1 20 0901', '5 1 1 01 02', 292783825, 0, 0, 0, 0, 0, 0, 0, 0, 0, 0, 0, 0, 0, 0, 1),
(501, '1 20 0901', '5 1 1 01 03', 250264000, 0, 0, 0, 0, 0, 0, 0, 0, 0, 0, 0, 0, 0, 0, 1),
(502, '1 20 0901', '5 1 1 01 05', 67158000, 0, 0, 0, 0, 0, 0, 0, 0, 0, 0, 0, 0, 0, 0, 1),
(503, '1 20 0901', '5 1 1 01 06', 151430220, 0, 0, 0, 0, 0, 0, 0, 0, 0, 0, 0, 0, 0, 0, 1),
(504, '1 20 0901', '5 1 1 01 07', 15423091, 0, 0, 0, 0, 0, 0, 0, 0, 0, 0, 0, 0, 0, 0, 1),
(505, '1 20 0901', '5 1 1 01 08', 750000, 0, 0, 0, 0, 0, 0, 0, 0, 0, 0, 0, 0, 0, 0, 1),
(506, '1 20 0901', '5 1 1 01 21', 86858665, 0, 0, 0, 0, 0, 0, 0, 0, 0, 0, 0, 0, 0, 0, 1),
(507, '1 20 0901', '5 1 1 01 22', 6288380, 0, 0, 0, 0, 0, 0, 0, 0, 0, 0, 0, 0, 0, 0, 1),
(508, '1 20 0901', '5 1 1 01 23', 18685207, 0, 0, 0, 0, 0, 0, 0, 0, 0, 0, 0, 0, 0, 0, 1),
(509, '1 20 0901', '5 1 1 02 01', 2818183680, 0, 0, 0, 0, 0, 0, 0, 0, 0, 0, 0, 0, 0, 0, 1),
(510, '1 20 0901', '5 1 1 02 06', 4089834538, 0, 0, 0, 0, 0, 0, 0, 0, 0, 0, 0, 0, 0, 0, 1),
(511, '1 20 0902', '5 1 1 01 01', 2972900623, 0, 0, 0, 0, 0, 0, 0, 0, 0, 0, 0, 0, 0, 0, 1),
(512, '1 20 0902', '5 1 1 01 02', 298154725, 0, 0, 0, 0, 0, 0, 0, 0, 0, 0, 0, 0, 0, 0, 1),
(513, '1 20 0902', '5 1 1 01 03', 250264000, 0, 0, 0, 0, 0, 0, 0, 0, 0, 0, 0, 0, 0, 0, 1),
(514, '1 20 0902', '5 1 1 01 05', 67562250, 0, 0, 0, 0, 0, 0, 0, 0, 0, 0, 0, 0, 0, 0, 1),
(515, '1 20 0902', '5 1 1 01 06', 154102518, 0, 0, 0, 0, 0, 0, 0, 0, 0, 0, 0, 0, 0, 0, 1),
(516, '1 20 0902', '5 1 1 01 07', 14163335, 0, 0, 0, 0, 0, 0, 0, 0, 0, 0, 0, 0, 0, 0, 1),
(517, '1 20 0902', '5 1 1 01 08', 750000, 0, 0, 0, 0, 0, 0, 0, 0, 0, 0, 0, 0, 0, 0, 1),
(518, '1 20 0902', '5 1 1 01 21', 84424920, 0, 0, 0, 0, 0, 0, 0, 0, 0, 0, 0, 0, 0, 0, 1),
(519, '1 20 0902', '5 1 1 01 22', 6219599, 0, 0, 0, 0, 0, 0, 0, 0, 0, 0, 0, 0, 0, 0, 1),
(520, '1 20 0902', '5 1 1 01 23', 18458811, 0, 0, 0, 0, 0, 0, 0, 0, 0, 0, 0, 0, 0, 0, 1),
(521, '1 20 0902', '5 1 1 02 01', 2707533840, 0, 0, 0, 0, 0, 0, 0, 0, 0, 0, 0, 0, 0, 0, 1),
(522, '1 20 0902', '5 1 1 02 06', 3994490630, 0, 0, 0, 0, 0, 0, 0, 0, 0, 0, 0, 0, 0, 0, 1),
(523, '1 20 0903', '5 1 1 01 01', 3270726334, 0, 0, 0, 0, 0, 0, 0, 0, 0, 0, 0, 0, 0, 0, 1),
(524, '1 20 0903', '5 1 1 01 02', 330829294, 0, 0, 0, 0, 0, 0, 0, 0, 0, 0, 0, 0, 0, 0, 1),
(525, '1 20 0903', '5 1 1 01 03', 250264000, 0, 0, 0, 0, 0, 0, 0, 0, 0, 0, 0, 0, 0, 0, 1),
(526, '1 20 0903', '5 1 1 01 05', 79929500, 0, 0, 0, 0, 0, 0, 0, 0, 0, 0, 0, 0, 0, 0, 1),
(527, '1 20 0903', '5 1 1 01 06', 165682476, 0, 0, 0, 0, 0, 0, 0, 0, 0, 0, 0, 0, 0, 0, 1),
(528, '1 20 0903', '5 1 1 01 07', 12929107, 0, 0, 0, 0, 0, 0, 0, 0, 0, 0, 0, 0, 0, 0, 1),
(529, '1 20 0903', '5 1 1 01 08', 750000, 0, 0, 0, 0, 0, 0, 0, 0, 0, 0, 0, 0, 0, 0, 1),
(530, '1 20 0903', '5 1 1 01 21', 96155880, 0, 0, 0, 0, 0, 0, 0, 0, 0, 0, 0, 0, 0, 0, 1),
(531, '1 20 0903', '5 1 1 01 22', 7777171, 0, 0, 0, 0, 0, 0, 0, 0, 0, 0, 0, 0, 0, 0, 1),
(532, '1 20 0903', '5 1 1 01 23', 21468397, 0, 0, 0, 0, 0, 0, 0, 0, 0, 0, 0, 0, 0, 0, 1),
(533, '1 20 0903', '5 1 1 02 01', 2884573584, 0, 0, 0, 0, 0, 0, 0, 0, 0, 0, 0, 0, 0, 0, 1),
(534, '1 20 0903', '5 1 1 02 06', 4139852160, 0, 0, 0, 0, 0, 0, 0, 0, 0, 0, 0, 0, 0, 0, 1),
(535, '1 20 0904', '5 1 1 01 01', 3085670314, 0, 0, 0, 0, 0, 0, 0, 0, 0, 0, 0, 0, 0, 0, 1),
(536, '1 20 0904', '5 1 1 01 02', 257737001, 0, 0, 0, 0, 0, 0, 0, 0, 0, 0, 0, 0, 0, 0, 1),
(537, '1 20 0904', '5 1 1 01 03', 250264000, 0, 0, 0, 0, 0, 0, 0, 0, 0, 0, 0, 0, 0, 0, 1),
(538, '1 20 0904', '5 1 1 01 05', 67158000, 0, 0, 0, 0, 0, 0, 0, 0, 0, 0, 0, 0, 0, 0, 1),
(539, '1 20 0904', '5 1 1 01 06', 138959496, 0, 0, 0, 0, 0, 0, 0, 0, 0, 0, 0, 0, 0, 0, 1),
(540, '1 20 0904', '5 1 1 01 07', 9591260, 0, 0, 0, 0, 0, 0, 0, 0, 0, 0, 0, 0, 0, 0, 1),
(541, '1 20 0904', '5 1 1 01 08', 750000, 0, 0, 0, 0, 0, 0, 0, 0, 0, 0, 0, 0, 0, 0, 1),
(542, '1 20 0904', '5 1 1 01 21', 84414400, 0, 0, 0, 0, 0, 0, 0, 0, 0, 0, 0, 0, 0, 0, 1);
INSERT INTO `btl` (`id_btl`, `id_skpd`, `id_rincian`, `anggaran`, `realisasi_januari`, `realisasi_februari`, `realisasi_maret`, `realisasi_april`, `realisasi_mei`, `realisasi_juni`, `realisasi_juli`, `realisasi_agustus`, `realisasi_september`, `realisasi_oktober`, `realisasi_november`, `realisasi_desember`, `realisasi_13`, `realisasi_14`, `id_tahun`) VALUES
(543, '1 20 0904', '5 1 1 01 22', 6339973, 0, 0, 0, 0, 0, 0, 0, 0, 0, 0, 0, 0, 0, 0, 1),
(544, '1 20 0904', '5 1 1 01 23', 19019946, 0, 0, 0, 0, 0, 0, 0, 0, 0, 0, 0, 0, 0, 0, 1),
(545, '1 20 0904', '5 1 1 02 01', 2753148672, 0, 0, 0, 0, 0, 0, 0, 0, 0, 0, 0, 0, 0, 0, 1),
(546, '1 20 0904', '5 1 1 02 06', 4037743178, 0, 0, 0, 0, 0, 0, 0, 0, 0, 0, 0, 0, 0, 0, 1),
(547, '1 20 0905', '5 1 1 01 01', 3112496491, 0, 0, 0, 0, 0, 0, 0, 0, 0, 0, 0, 0, 0, 0, 1),
(548, '1 20 0905', '5 1 1 01 02', 306240067, 0, 0, 0, 0, 0, 0, 0, 0, 0, 0, 0, 0, 0, 0, 1),
(549, '1 20 0905', '5 1 1 01 03', 221420500, 0, 0, 0, 0, 0, 0, 0, 0, 0, 0, 0, 0, 0, 0, 1),
(550, '1 20 0905', '5 1 1 01 05', 88369820, 0, 0, 0, 0, 0, 0, 0, 0, 0, 0, 0, 0, 0, 0, 1),
(551, '1 20 0905', '5 1 1 01 06', 156774816, 0, 0, 0, 0, 0, 0, 0, 0, 0, 0, 0, 0, 0, 0, 1),
(552, '1 20 0905', '5 1 1 01 07', 13960812, 0, 0, 0, 0, 0, 0, 0, 0, 0, 0, 0, 0, 0, 0, 1),
(553, '1 20 0905', '5 1 1 01 08', 750000, 0, 0, 0, 0, 0, 0, 0, 0, 0, 0, 0, 0, 0, 0, 1),
(554, '1 20 0905', '5 1 1 01 21', 89202500, 0, 0, 0, 0, 0, 0, 0, 0, 0, 0, 0, 0, 0, 0, 1),
(555, '1 20 0905', '5 1 1 01 22', 7568722, 0, 0, 0, 0, 0, 0, 0, 0, 0, 0, 0, 0, 0, 0, 1),
(556, '1 20 0905', '5 1 1 01 23', 20875461, 0, 0, 0, 0, 0, 0, 0, 0, 0, 0, 0, 0, 0, 0, 1),
(557, '1 20 0905', '5 1 1 02 01', 2810731752, 0, 0, 0, 0, 0, 0, 0, 0, 0, 0, 0, 0, 0, 0, 1),
(558, '1 20 0905', '5 1 1 02 06', 4026055858, 0, 0, 0, 0, 0, 0, 0, 0, 0, 0, 0, 0, 0, 0, 1),
(559, '1 20 0906', '5 1 1 01 01', 3030306290, 0, 0, 0, 0, 0, 0, 0, 0, 0, 0, 0, 0, 0, 0, 1),
(560, '1 20 0906', '5 1 1 01 02', 403120598, 0, 0, 0, 0, 0, 0, 0, 0, 0, 0, 0, 0, 0, 0, 1),
(561, '1 20 0906', '5 1 1 01 03', 242515000, 0, 0, 0, 0, 0, 0, 0, 0, 0, 0, 0, 0, 0, 0, 1),
(562, '1 20 0906', '5 1 1 01 05', 72467500, 0, 0, 0, 0, 0, 0, 0, 0, 0, 0, 0, 0, 0, 0, 1),
(563, '1 20 0906', '5 1 1 01 06', 159034320, 0, 0, 0, 0, 0, 0, 0, 0, 0, 0, 0, 0, 0, 0, 1),
(564, '1 20 0906', '5 1 1 01 07', 14566638, 0, 0, 0, 0, 0, 0, 0, 0, 0, 0, 0, 0, 0, 0, 1),
(565, '1 20 0906', '5 1 1 01 08', 906361, 0, 0, 0, 0, 0, 0, 0, 0, 0, 0, 0, 0, 0, 0, 1),
(566, '1 20 0906', '5 1 1 01 21', 88413402, 0, 0, 0, 0, 0, 0, 0, 0, 0, 0, 0, 0, 0, 0, 1),
(567, '1 20 0906', '5 1 1 01 22', 6406990, 0, 0, 0, 0, 0, 0, 0, 0, 0, 0, 0, 0, 0, 0, 1),
(568, '1 20 0906', '5 1 1 01 23', 19220942, 0, 0, 0, 0, 0, 0, 0, 0, 0, 0, 0, 0, 0, 0, 1),
(569, '1 20 0906', '5 1 1 02 01', 2878702368, 0, 0, 0, 0, 0, 0, 0, 0, 0, 0, 0, 0, 0, 0, 1),
(570, '1 20 0906', '5 1 1 02 06', 4222570346, 0, 0, 0, 0, 0, 0, 0, 0, 0, 0, 0, 0, 0, 0, 1),
(571, '1 20 0907', '5 1 1 01 01', 2984088240, 0, 0, 0, 0, 0, 0, 0, 0, 0, 0, 0, 0, 0, 0, 1),
(572, '1 20 0907', '5 1 1 01 02', 279996067, 0, 0, 0, 0, 0, 0, 0, 0, 0, 0, 0, 0, 0, 0, 1),
(573, '1 20 0907', '5 1 1 01 03', 264327000, 0, 0, 0, 0, 0, 0, 0, 0, 0, 0, 0, 0, 0, 0, 1),
(574, '1 20 0907', '5 1 1 01 05', 67014500, 0, 0, 0, 0, 0, 0, 0, 0, 0, 0, 0, 0, 0, 0, 1),
(575, '1 20 0907', '5 1 1 01 06', 146085624, 0, 0, 0, 0, 0, 0, 0, 0, 0, 0, 0, 0, 0, 0, 1),
(576, '1 20 0907', '5 1 1 01 07', 11961883, 0, 0, 0, 0, 0, 0, 0, 0, 0, 0, 0, 0, 0, 0, 1),
(577, '1 20 0907', '5 1 1 01 08', 250000, 0, 0, 0, 0, 0, 0, 0, 0, 0, 0, 0, 0, 0, 0, 1),
(578, '1 20 0907', '5 1 1 01 21', 83348185, 0, 0, 0, 0, 0, 0, 0, 0, 0, 0, 0, 0, 0, 0, 1),
(579, '1 20 0907', '5 1 1 01 22', 6163199, 0, 0, 0, 0, 0, 0, 0, 0, 0, 0, 0, 0, 0, 0, 1),
(580, '1 20 0907', '5 1 1 01 23', 18489649, 0, 0, 0, 0, 0, 0, 0, 0, 0, 0, 0, 0, 0, 0, 1),
(581, '1 20 0907', '5 1 1 02 01', 2873734416, 0, 0, 0, 0, 0, 0, 0, 0, 0, 0, 0, 0, 0, 0, 1),
(582, '1 20 0907', '5 1 1 02 06', 4220551178, 0, 0, 0, 0, 0, 0, 0, 0, 0, 0, 0, 0, 0, 0, 1),
(583, '1 20 0908', '5 1 1 01 01', 3230032030, 0, 0, 0, 0, 0, 0, 0, 0, 0, 0, 0, 0, 0, 0, 1),
(584, '1 20 0908', '5 1 1 01 02', 344067779, 0, 0, 0, 0, 0, 0, 0, 0, 0, 0, 0, 0, 0, 0, 1),
(585, '1 20 0908', '5 1 1 01 03', 264327000, 0, 0, 0, 0, 0, 0, 0, 0, 0, 0, 0, 0, 0, 0, 1),
(586, '1 20 0908', '5 1 1 01 05', 72324000, 0, 0, 0, 0, 0, 0, 0, 0, 0, 0, 0, 0, 0, 0, 1),
(587, '1 20 0908', '5 1 1 01 06', 172808604, 0, 0, 0, 0, 0, 0, 0, 0, 0, 0, 0, 0, 0, 0, 1),
(588, '1 20 0908', '5 1 1 01 07', 14474627, 0, 0, 0, 0, 0, 0, 0, 0, 0, 0, 0, 0, 0, 0, 1),
(589, '1 20 0908', '5 1 1 01 08', 750000, 0, 0, 0, 0, 0, 0, 0, 0, 0, 0, 0, 0, 0, 0, 1),
(590, '1 20 0908', '5 1 1 01 21', 89798861, 0, 0, 0, 0, 0, 0, 0, 0, 0, 0, 0, 0, 0, 0, 1),
(591, '1 20 0908', '5 1 1 01 22', 6503935, 0, 0, 0, 0, 0, 0, 0, 0, 0, 0, 0, 0, 0, 0, 1),
(592, '1 20 0908', '5 1 1 01 23', 19511856, 0, 0, 0, 0, 0, 0, 0, 0, 0, 0, 0, 0, 0, 0, 1),
(593, '1 20 0908', '5 1 1 02 01', 2876444208, 0, 0, 0, 0, 0, 0, 0, 0, 0, 0, 0, 0, 0, 0, 1),
(594, '1 20 0908', '5 1 1 02 06', 4231268033, 0, 0, 0, 0, 0, 0, 0, 0, 0, 0, 0, 0, 0, 0, 1),
(595, '1 20 0909', '5 1 1 01 01', 4456788706, 0, 0, 0, 0, 0, 0, 0, 0, 0, 0, 0, 0, 0, 0, 1),
(596, '1 20 0909', '5 1 1 01 02', 472634505, 0, 0, 0, 0, 0, 0, 0, 0, 0, 0, 0, 0, 0, 0, 1),
(597, '1 20 0909', '5 1 1 01 03', 393764000, 0, 0, 0, 0, 0, 0, 0, 0, 0, 0, 0, 0, 0, 0, 1),
(598, '1 20 0909', '5 1 1 01 05', 95427500, 0, 0, 0, 0, 0, 0, 0, 0, 0, 0, 0, 0, 0, 0, 1),
(599, '1 20 0909', '5 1 1 01 06', 234640800, 0, 0, 0, 0, 0, 0, 0, 0, 0, 0, 0, 0, 0, 0, 1),
(600, '1 20 0909', '5 1 1 01 07', 21563148, 0, 0, 0, 0, 0, 0, 0, 0, 0, 0, 0, 0, 0, 0, 1),
(601, '1 20 0909', '5 1 1 01 08', 750000, 0, 0, 0, 0, 0, 0, 0, 0, 0, 0, 0, 0, 0, 0, 1),
(602, '1 20 0909', '5 1 1 01 21', 127358339, 0, 0, 0, 0, 0, 0, 0, 0, 0, 0, 0, 0, 0, 0, 1),
(603, '1 20 0909', '5 1 1 01 22', 12750924, 0, 0, 0, 0, 0, 0, 0, 0, 0, 0, 0, 0, 0, 0, 1),
(604, '1 20 0909', '5 1 1 01 23', 27678182, 0, 0, 0, 0, 0, 0, 0, 0, 0, 0, 0, 0, 0, 0, 1),
(605, '1 20 0909', '5 1 1 02 01', 3989491272, 0, 0, 0, 0, 0, 0, 0, 0, 0, 0, 0, 0, 0, 0, 1),
(606, '1 20 0909', '5 1 1 02 06', 5670652258, 0, 0, 0, 0, 0, 0, 0, 0, 0, 0, 0, 0, 0, 0, 1),
(607, '1 20 0910', '5 1 1 01 01', 3652704036, 0, 0, 0, 0, 0, 0, 0, 0, 0, 0, 0, 0, 0, 0, 1),
(608, '1 20 0910', '5 1 1 01 02', 314272731, 0, 0, 0, 0, 0, 0, 0, 0, 0, 0, 0, 0, 0, 0, 1),
(609, '1 20 0910', '5 1 1 01 03', 300202000, 0, 0, 0, 0, 0, 0, 0, 0, 0, 0, 0, 0, 0, 0, 1),
(610, '1 20 0910', '5 1 1 01 05', 80288250, 0, 0, 0, 0, 0, 0, 0, 0, 0, 0, 0, 0, 0, 0, 1),
(611, '1 20 0910', '5 1 1 01 06', 162119412, 0, 0, 0, 0, 0, 0, 0, 0, 0, 0, 0, 0, 0, 0, 1),
(612, '1 20 0910', '5 1 1 01 07', 15750441, 0, 0, 0, 0, 0, 0, 0, 0, 0, 0, 0, 0, 0, 0, 1),
(613, '1 20 0910', '5 1 1 01 08', 750000, 0, 0, 0, 0, 0, 0, 0, 0, 0, 0, 0, 0, 0, 0, 1),
(614, '1 20 0910', '5 1 1 01 21', 101333276, 0, 0, 0, 0, 0, 0, 0, 0, 0, 0, 0, 0, 0, 0, 1),
(615, '1 20 0910', '5 1 1 01 22', 7464534, 0, 0, 0, 0, 0, 0, 0, 0, 0, 0, 0, 0, 0, 0, 1),
(616, '1 20 0910', '5 1 1 01 23', 22393668, 0, 0, 0, 0, 0, 0, 0, 0, 0, 0, 0, 0, 0, 0, 1),
(617, '1 20 0910', '5 1 1 02 01', 3177682752, 0, 0, 0, 0, 0, 0, 0, 0, 0, 0, 0, 0, 0, 0, 1),
(618, '1 20 0910', '5 1 1 02 06', 4640292324, 0, 0, 0, 0, 0, 0, 0, 0, 0, 0, 0, 0, 0, 0, 1),
(619, '1 20 0911', '5 1 1 01 01', 3646372670, 0, 0, 0, 0, 0, 0, 0, 0, 0, 0, 0, 0, 0, 0, 1),
(620, '1 20 0911', '5 1 1 01 02', 346879133, 0, 0, 0, 0, 0, 0, 0, 0, 0, 0, 0, 0, 0, 0, 1),
(621, '1 20 0911', '5 1 1 01 03', 315700000, 0, 0, 0, 0, 0, 0, 0, 0, 0, 0, 0, 0, 0, 0, 1),
(622, '1 20 0911', '5 1 1 01 05', 88826500, 0, 0, 0, 0, 0, 0, 0, 0, 0, 0, 0, 0, 0, 0, 1),
(623, '1 20 0911', '5 1 1 01 06', 182607030, 0, 0, 0, 0, 0, 0, 0, 0, 0, 0, 0, 0, 0, 0, 1),
(624, '1 20 0911', '5 1 1 01 07', 15443078, 0, 0, 0, 0, 0, 0, 0, 0, 0, 0, 0, 0, 0, 0, 1),
(625, '1 20 0911', '5 1 1 01 08', 2027055, 0, 0, 0, 0, 0, 0, 0, 0, 0, 0, 0, 0, 0, 0, 1),
(626, '1 20 0911', '5 1 1 01 21', 100497184, 0, 0, 0, 0, 0, 0, 0, 0, 0, 0, 0, 0, 0, 0, 1),
(627, '1 20 0911', '5 1 1 01 22', 7313486, 0, 0, 0, 0, 0, 0, 0, 0, 0, 0, 0, 0, 0, 0, 1),
(628, '1 20 0911', '5 1 1 01 23', 21940446, 0, 0, 0, 0, 0, 0, 0, 0, 0, 0, 0, 0, 0, 0, 1),
(629, '1 20 0911', '5 1 1 02 01', 3343431696, 0, 0, 0, 0, 0, 0, 0, 0, 0, 0, 0, 0, 0, 0, 1),
(630, '1 20 0911', '5 1 1 02 06', 4767020263, 0, 0, 0, 0, 0, 0, 0, 0, 0, 0, 0, 0, 0, 0, 1),
(631, '1 20 0912', '5 1 1 01 01', 2781097373, 0, 0, 0, 0, 0, 0, 0, 0, 0, 0, 0, 0, 0, 0, 1),
(632, '1 20 0912', '5 1 1 01 02', 260763187, 0, 0, 0, 0, 0, 0, 0, 0, 0, 0, 0, 0, 0, 0, 1),
(633, '1 20 0912', '5 1 1 01 03', 265762000, 0, 0, 0, 0, 0, 0, 0, 0, 0, 0, 0, 0, 0, 0, 1),
(634, '1 20 0912', '5 1 1 01 05', 77561750, 0, 0, 0, 0, 0, 0, 0, 0, 0, 0, 0, 0, 0, 0, 1),
(635, '1 20 0912', '5 1 1 01 06', 140741028, 0, 0, 0, 0, 0, 0, 0, 0, 0, 0, 0, 0, 0, 0, 1),
(636, '1 20 0912', '5 1 1 01 07', 14574162, 0, 0, 0, 0, 0, 0, 0, 0, 0, 0, 0, 0, 0, 0, 1),
(637, '1 20 0912', '5 1 1 01 08', 750000, 0, 0, 0, 0, 0, 0, 0, 0, 0, 0, 0, 0, 0, 0, 1),
(638, '1 20 0912', '5 1 1 01 21', 77952886, 0, 0, 0, 0, 0, 0, 0, 0, 0, 0, 0, 0, 0, 0, 1),
(639, '1 20 0912', '5 1 1 01 22', 5606406, 0, 0, 0, 0, 0, 0, 0, 0, 0, 0, 0, 0, 0, 0, 1),
(640, '1 20 0912', '5 1 1 01 23', 16185711, 0, 0, 0, 0, 0, 0, 0, 0, 0, 0, 0, 0, 0, 0, 1),
(641, '1 20 0912', '5 1 1 02 01', 2530042464, 0, 0, 0, 0, 0, 0, 0, 0, 0, 0, 0, 0, 0, 0, 1),
(642, '1 20 0912', '5 1 1 02 06', 3712518046, 0, 0, 0, 0, 0, 0, 0, 0, 0, 0, 0, 0, 0, 0, 1),
(643, '1 20 0913', '5 1 1 01 01', 2970081494, 0, 0, 0, 0, 0, 0, 0, 0, 0, 0, 0, 0, 0, 0, 1),
(644, '1 20 0913', '5 1 1 01 02', 297224519, 0, 0, 0, 0, 0, 0, 0, 0, 0, 0, 0, 0, 0, 0, 1),
(645, '1 20 0913', '5 1 1 01 03', 231539000, 0, 0, 0, 0, 0, 0, 0, 0, 0, 0, 0, 0, 0, 0, 1),
(646, '1 20 0913', '5 1 1 01 05', 80657500, 0, 0, 0, 0, 0, 0, 0, 0, 0, 0, 0, 0, 0, 0, 1),
(647, '1 20 0913', '5 1 1 01 06', 154993284, 0, 0, 0, 0, 0, 0, 0, 0, 0, 0, 0, 0, 0, 0, 1),
(648, '1 20 0913', '5 1 1 01 07', 11686499, 0, 0, 0, 0, 0, 0, 0, 0, 0, 0, 0, 0, 0, 0, 1),
(649, '1 20 0913', '5 1 1 01 08', 750000, 0, 0, 0, 0, 0, 0, 0, 0, 0, 0, 0, 0, 0, 0, 1),
(650, '1 20 0913', '5 1 1 01 21', 84105331, 0, 0, 0, 0, 0, 0, 0, 0, 0, 0, 0, 0, 0, 0, 1),
(651, '1 20 0913', '5 1 1 01 22', 6117197, 0, 0, 0, 0, 0, 0, 0, 0, 0, 0, 0, 0, 0, 0, 1),
(652, '1 20 0913', '5 1 1 01 23', 18351630, 0, 0, 0, 0, 0, 0, 0, 0, 0, 0, 0, 0, 0, 0, 1),
(653, '1 20 0913', '5 1 1 02 01', 2615175096, 0, 0, 0, 0, 0, 0, 0, 0, 0, 0, 0, 0, 0, 0, 1),
(654, '1 20 0913', '5 1 1 02 06', 3864769286, 0, 0, 0, 0, 0, 0, 0, 0, 0, 0, 0, 0, 0, 0, 1),
(655, '1 20 0914', '5 1 1 01 01', 3838498362, 0, 0, 0, 0, 0, 0, 0, 0, 0, 0, 0, 0, 0, 0, 1),
(656, '1 20 0914', '5 1 1 01 02', 372968269, 0, 0, 0, 0, 0, 0, 0, 0, 0, 0, 0, 0, 0, 0, 1),
(657, '1 20 0914', '5 1 1 01 03', 336077000, 0, 0, 0, 0, 0, 0, 0, 0, 0, 0, 0, 0, 0, 0, 1),
(658, '1 20 0914', '5 1 1 01 05', 87822000, 0, 0, 0, 0, 0, 0, 0, 0, 0, 0, 0, 0, 0, 0, 1),
(659, '1 20 0914', '5 1 1 01 06', 193296222, 0, 0, 0, 0, 0, 0, 0, 0, 0, 0, 0, 0, 0, 0, 1),
(660, '1 20 0914', '5 1 1 01 07', 19145542, 0, 0, 0, 0, 0, 0, 0, 0, 0, 0, 0, 0, 0, 0, 1),
(661, '1 20 0914', '5 1 1 01 08', 750000, 0, 0, 0, 0, 0, 0, 0, 0, 0, 0, 0, 0, 0, 0, 1),
(662, '1 20 0914', '5 1 1 01 21', 108849794, 0, 0, 0, 0, 0, 0, 0, 0, 0, 0, 0, 0, 0, 0, 1),
(663, '1 20 0914', '5 1 1 01 22', 8317920, 0, 0, 0, 0, 0, 0, 0, 0, 0, 0, 0, 0, 0, 0, 1),
(664, '1 20 0914', '5 1 1 01 23', 24213584, 0, 0, 0, 0, 0, 0, 0, 0, 0, 0, 0, 0, 0, 0, 1),
(665, '1 20 0914', '5 1 1 02 01', 3592280928, 0, 0, 0, 0, 0, 0, 0, 0, 0, 0, 0, 0, 0, 0, 1),
(666, '1 20 0914', '5 1 1 02 06', 5119373522, 0, 0, 0, 0, 0, 0, 0, 0, 0, 0, 0, 0, 0, 0, 1),
(667, '1 20 0915', '5 1 1 01 01', 3833473350, 0, 0, 0, 0, 0, 0, 0, 0, 0, 0, 0, 0, 0, 0, 1),
(668, '1 20 0915', '5 1 1 01 02', 397308158, 0, 0, 0, 0, 0, 0, 0, 0, 0, 0, 0, 0, 0, 0, 1),
(669, '1 20 0915', '5 1 1 01 03', 314982500, 0, 0, 0, 0, 0, 0, 0, 0, 0, 0, 0, 0, 0, 0, 1),
(670, '1 20 0915', '5 1 1 01 05', 95786250, 0, 0, 0, 0, 0, 0, 0, 0, 0, 0, 0, 0, 0, 0, 1),
(671, '1 20 0915', '5 1 1 01 06', 208439244, 0, 0, 0, 0, 0, 0, 0, 0, 0, 0, 0, 0, 0, 0, 1),
(672, '1 20 0915', '5 1 1 01 07', 12656121, 0, 0, 0, 0, 0, 0, 0, 0, 0, 0, 0, 0, 0, 0, 1),
(673, '1 20 0915', '5 1 1 01 08', 750000, 0, 0, 0, 0, 0, 0, 0, 0, 0, 0, 0, 0, 0, 0, 1),
(674, '1 20 0915', '5 1 1 01 21', 108785794, 0, 0, 0, 0, 0, 0, 0, 0, 0, 0, 0, 0, 0, 0, 1),
(675, '1 20 0915', '5 1 1 01 22', 7886234, 0, 0, 0, 0, 0, 0, 0, 0, 0, 0, 0, 0, 0, 0, 1),
(676, '1 20 0915', '5 1 1 01 23', 23658637, 0, 0, 0, 0, 0, 0, 0, 0, 0, 0, 0, 0, 0, 0, 1),
(677, '1 20 0915', '5 1 1 02 01', 3390175608, 0, 0, 0, 0, 0, 0, 0, 0, 0, 0, 0, 0, 0, 0, 1),
(678, '1 20 0915', '5 1 1 02 06', 4802883614, 0, 0, 0, 0, 0, 0, 0, 0, 0, 0, 0, 0, 0, 0, 1),
(679, '1 20 0916', '5 1 1 01 01', 4294608163, 0, 0, 0, 0, 0, 0, 0, 0, 0, 0, 0, 0, 0, 0, 1),
(680, '1 20 0916', '5 1 1 01 02', 385048184, 0, 0, 0, 0, 0, 0, 0, 0, 0, 0, 0, 0, 0, 0, 1),
(681, '1 20 0916', '5 1 1 01 03', 293888000, 0, 0, 0, 0, 0, 0, 0, 0, 0, 0, 0, 0, 0, 0, 1),
(682, '1 20 0916', '5 1 1 01 05', 119607250, 0, 0, 0, 0, 0, 0, 0, 0, 0, 0, 0, 0, 0, 0, 1),
(683, '1 20 0916', '5 1 1 01 06', 199531584, 0, 0, 0, 0, 0, 0, 0, 0, 0, 0, 0, 0, 0, 0, 1),
(684, '1 20 0916', '5 1 1 01 07', 18536068, 0, 0, 0, 0, 0, 0, 0, 0, 0, 0, 0, 0, 0, 0, 1),
(685, '1 20 0916', '5 1 1 01 08', 750000, 0, 0, 0, 0, 0, 0, 0, 0, 0, 0, 0, 0, 0, 0, 1),
(686, '1 20 0916', '5 1 1 01 21', 122462762, 0, 0, 0, 0, 0, 0, 0, 0, 0, 0, 0, 0, 0, 0, 1),
(687, '1 20 0916', '5 1 1 01 22', 9824820, 0, 0, 0, 0, 0, 0, 0, 0, 0, 0, 0, 0, 0, 0, 1),
(688, '1 20 0916', '5 1 1 01 23', 28028238, 0, 0, 0, 0, 0, 0, 0, 0, 0, 0, 0, 0, 0, 0, 1),
(689, '1 20 0916', '5 1 1 02 01', 3676736112, 0, 0, 0, 0, 0, 0, 0, 0, 0, 0, 0, 0, 0, 0, 1),
(690, '1 20 0916', '5 1 1 02 06', 5060905462, 0, 0, 0, 0, 0, 0, 0, 0, 0, 0, 0, 0, 0, 0, 1),
(691, '1 20 0917', '5 1 1 01 01', 2905253576, 0, 0, 0, 0, 0, 0, 0, 0, 0, 0, 0, 0, 0, 0, 1),
(692, '1 20 0917', '5 1 1 01 02', 279769484, 0, 0, 0, 0, 0, 0, 0, 0, 0, 0, 0, 0, 0, 0, 1),
(693, '1 20 0917', '5 1 1 01 03', 220703000, 0, 0, 0, 0, 0, 0, 0, 0, 0, 0, 0, 0, 0, 0, 1),
(694, '1 20 0917', '5 1 1 01 05', 70099750, 0, 0, 0, 0, 0, 0, 0, 0, 0, 0, 0, 0, 0, 0, 1),
(695, '1 20 0917', '5 1 1 01 06', 141631794, 0, 0, 0, 0, 0, 0, 0, 0, 0, 0, 0, 0, 0, 0, 1),
(696, '1 20 0917', '5 1 1 01 07', 12591166, 0, 0, 0, 0, 0, 0, 0, 0, 0, 0, 0, 0, 0, 0, 1),
(697, '1 20 0917', '5 1 1 01 08', 980366, 0, 0, 0, 0, 0, 0, 0, 0, 0, 0, 0, 0, 0, 0, 1),
(698, '1 20 0917', '5 1 1 01 21', 80895836, 0, 0, 0, 0, 0, 0, 0, 0, 0, 0, 0, 0, 0, 0, 1),
(699, '1 20 0917', '5 1 1 01 22', 5970954, 0, 0, 0, 0, 0, 0, 0, 0, 0, 0, 0, 0, 0, 0, 1),
(700, '1 20 0917', '5 1 1 01 23', 17913113, 0, 0, 0, 0, 0, 0, 0, 0, 0, 0, 0, 0, 0, 0, 1),
(701, '1 20 0917', '5 1 1 02 01', 2562108336, 0, 0, 0, 0, 0, 0, 0, 0, 0, 0, 0, 0, 0, 0, 1),
(702, '1 20 0917', '5 1 1 02 06', 3826389972, 0, 0, 0, 0, 0, 0, 0, 0, 0, 0, 0, 0, 0, 0, 1),
(703, '1 20 0917', '5 1 1 05 01', 0, 0, 0, 0, 0, 0, 0, 0, 0, 0, 0, 0, 0, 0, 0, 1),
(704, '1 20 0918', '5 1 1 01 01', 2778138117, 0, 0, 0, 0, 0, 0, 0, 0, 0, 0, 0, 0, 0, 0, 1),
(705, '1 20 0918', '5 1 1 01 02', 254120199, 0, 0, 0, 0, 0, 0, 0, 0, 0, 0, 0, 0, 0, 0, 1),
(706, '1 20 0918', '5 1 1 01 03', 228452000, 0, 0, 0, 0, 0, 0, 0, 0, 0, 0, 0, 0, 0, 0, 1),
(707, '1 20 0918', '5 1 1 01 05', 62422500, 0, 0, 0, 0, 0, 0, 0, 0, 0, 0, 0, 0, 0, 0, 1),
(708, '1 20 0918', '5 1 1 01 06', 132724134, 0, 0, 0, 0, 0, 0, 0, 0, 0, 0, 0, 0, 0, 0, 1),
(709, '1 20 0918', '5 1 1 01 07', 11292565, 0, 0, 0, 0, 0, 0, 0, 0, 0, 0, 0, 0, 0, 0, 1),
(710, '1 20 0918', '5 1 1 01 08', 931994, 0, 0, 0, 0, 0, 0, 0, 0, 0, 0, 0, 0, 0, 0, 1),
(711, '1 20 0918', '5 1 1 01 21', 77257976, 0, 0, 0, 0, 0, 0, 0, 0, 0, 0, 0, 0, 0, 0, 1),
(712, '1 20 0918', '5 1 1 01 22', 5648069, 0, 0, 0, 0, 0, 0, 0, 0, 0, 0, 0, 0, 0, 0, 1),
(713, '1 20 0918', '5 1 1 01 23', 16944180, 0, 0, 0, 0, 0, 0, 0, 0, 0, 0, 0, 0, 0, 0, 1),
(714, '1 20 0918', '5 1 1 02 01', 2575431480, 0, 0, 0, 0, 0, 0, 0, 0, 0, 0, 0, 0, 0, 0, 1),
(715, '1 20 0918', '5 1 1 02 06', 3832550357, 0, 0, 0, 0, 0, 0, 0, 0, 0, 0, 0, 0, 0, 0, 1),
(716, '1 20 0919', '5 1 1 01 01', 2862374483, 0, 0, 0, 0, 0, 0, 0, 0, 0, 0, 0, 0, 0, 0, 1),
(717, '1 20 0919', '5 1 1 01 02', 263815835, 0, 0, 0, 0, 0, 0, 0, 0, 0, 0, 0, 0, 0, 0, 1),
(718, '1 20 0919', '5 1 1 01 03', 228452000, 0, 0, 0, 0, 0, 0, 0, 0, 0, 0, 0, 0, 0, 0, 1),
(719, '1 20 0919', '5 1 1 01 05', 69812750, 0, 0, 0, 0, 0, 0, 0, 0, 0, 0, 0, 0, 0, 0, 1),
(720, '1 20 0919', '5 1 1 01 06', 138959496, 0, 0, 0, 0, 0, 0, 0, 0, 0, 0, 0, 0, 0, 0, 1),
(721, '1 20 0919', '5 1 1 01 07', 15680100, 0, 0, 0, 0, 0, 0, 0, 0, 0, 0, 0, 0, 0, 0, 1),
(722, '1 20 0919', '5 1 1 01 08', 750000, 0, 0, 0, 0, 0, 0, 0, 0, 0, 0, 0, 0, 0, 0, 1),
(723, '1 20 0919', '5 1 1 01 21', 104967675, 0, 0, 0, 0, 0, 0, 0, 0, 0, 0, 0, 0, 0, 0, 1),
(724, '1 20 0919', '5 1 1 01 22', 5853197, 0, 0, 0, 0, 0, 0, 0, 0, 0, 0, 0, 0, 0, 0, 1),
(725, '1 20 0919', '5 1 1 01 23', 17559604, 0, 0, 0, 0, 0, 0, 0, 0, 0, 0, 0, 0, 0, 0, 1),
(726, '1 20 0919', '5 1 1 02 01', 2527332672, 0, 0, 0, 0, 0, 0, 0, 0, 0, 0, 0, 0, 0, 0, 1),
(727, '1 20 0919', '5 1 1 02 06', 3798253298, 0, 0, 0, 0, 0, 0, 0, 0, 0, 0, 0, 0, 0, 0, 1),
(728, '1 20 0920', '5 1 1 01 01', 2900034193, 0, 0, 0, 0, 0, 0, 0, 0, 0, 0, 0, 0, 0, 0, 1),
(729, '1 20 0920', '5 1 1 01 02', 311682720, 0, 0, 0, 0, 0, 0, 0, 0, 0, 0, 0, 0, 0, 0, 1),
(730, '1 20 0920', '5 1 1 01 03', 214389000, 0, 0, 0, 0, 0, 0, 0, 0, 0, 0, 0, 0, 0, 0, 1),
(731, '1 20 0920', '5 1 1 01 05', 72324000, 0, 0, 0, 0, 0, 0, 0, 0, 0, 0, 0, 0, 0, 0, 1),
(732, '1 20 0920', '5 1 1 01 06', 151430220, 0, 0, 0, 0, 0, 0, 0, 0, 0, 0, 0, 0, 0, 0, 1),
(733, '1 20 0920', '5 1 1 01 07', 14290862, 0, 0, 0, 0, 0, 0, 0, 0, 0, 0, 0, 0, 0, 0, 1),
(734, '1 20 0920', '5 1 1 01 08', 954634, 0, 0, 0, 0, 0, 0, 0, 0, 0, 0, 0, 0, 0, 0, 1),
(735, '1 20 0920', '5 1 1 01 21', 81248620, 0, 0, 0, 0, 0, 0, 0, 0, 0, 0, 0, 0, 0, 0, 1),
(736, '1 20 0920', '5 1 1 01 22', 6445620, 0, 0, 0, 0, 0, 0, 0, 0, 0, 0, 0, 0, 0, 0, 1),
(737, '1 20 0920', '5 1 1 01 23', 17793354, 0, 0, 0, 0, 0, 0, 0, 0, 0, 0, 0, 0, 0, 0, 1),
(738, '1 20 0920', '5 1 1 02 01', 2511299736, 0, 0, 0, 0, 0, 0, 0, 0, 0, 0, 0, 0, 0, 0, 1),
(739, '1 20 0920', '5 1 1 02 06', 3608843393, 0, 0, 0, 0, 0, 0, 0, 0, 0, 0, 0, 0, 0, 0, 1),
(740, '1 20 0921', '5 1 1 01 01', 3284843075, 0, 0, 0, 0, 0, 0, 0, 0, 0, 0, 0, 0, 0, 0, 1),
(741, '1 20 0921', '5 1 1 01 02', 322887996, 0, 0, 0, 0, 0, 0, 0, 0, 0, 0, 0, 0, 0, 0, 1),
(742, '1 20 0921', '5 1 1 01 03', 257295500, 0, 0, 0, 0, 0, 0, 0, 0, 0, 0, 0, 0, 0, 0, 1),
(743, '1 20 0921', '5 1 1 01 05', 80288250, 0, 0, 0, 0, 0, 0, 0, 0, 0, 0, 0, 0, 0, 0, 1),
(744, '1 20 0921', '5 1 1 01 06', 170136306, 0, 0, 0, 0, 0, 0, 0, 0, 0, 0, 0, 0, 0, 0, 1),
(745, '1 20 0921', '5 1 1 01 07', 14372879, 0, 0, 0, 0, 0, 0, 0, 0, 0, 0, 0, 0, 0, 0, 1),
(746, '1 20 0921', '5 1 1 01 08', 750000, 0, 0, 0, 0, 0, 0, 0, 0, 0, 0, 0, 0, 0, 0, 1),
(747, '1 20 0921', '5 1 1 01 21', 92678744, 0, 0, 0, 0, 0, 0, 0, 0, 0, 0, 0, 0, 0, 0, 1),
(748, '1 20 0921', '5 1 1 01 22', 6753186, 0, 0, 0, 0, 0, 0, 0, 0, 0, 0, 0, 0, 0, 0, 1),
(749, '1 20 0921', '5 1 1 01 23', 20259690, 0, 0, 0, 0, 0, 0, 0, 0, 0, 0, 0, 0, 0, 0, 1),
(750, '1 20 0921', '5 1 1 02 01', 2977609776, 0, 0, 0, 0, 0, 0, 0, 0, 0, 0, 0, 0, 0, 0, 1),
(751, '1 20 0921', '5 1 1 02 06', 4309671348, 0, 0, 0, 0, 0, 0, 0, 0, 0, 0, 0, 0, 0, 0, 1),
(752, '1 20 0922', '5 1 1 01 01', 3660233263, 0, 0, 0, 0, 0, 0, 0, 0, 0, 0, 0, 0, 0, 0, 1),
(753, '1 20 0922', '5 1 1 01 02', 380143173, 0, 0, 0, 0, 0, 0, 0, 0, 0, 0, 0, 0, 0, 0, 1),
(754, '1 20 0922', '5 1 1 01 03', 321944000, 0, 0, 0, 0, 0, 0, 0, 0, 0, 0, 0, 0, 0, 0, 1),
(755, '1 20 0922', '5 1 1 01 05', 90333250, 0, 0, 0, 0, 0, 0, 0, 0, 0, 0, 0, 0, 0, 0, 1),
(756, '1 20 0922', '5 1 1 01 06', 187951626, 0, 0, 0, 0, 0, 0, 0, 0, 0, 0, 0, 0, 0, 0, 1),
(757, '1 20 0922', '5 1 1 01 07', 18443250, 0, 0, 0, 0, 0, 0, 0, 0, 0, 0, 0, 0, 0, 0, 1),
(758, '1 20 0922', '5 1 1 01 08', 750000, 0, 0, 0, 0, 0, 0, 0, 0, 0, 0, 0, 0, 0, 0, 1),
(759, '1 20 0922', '5 1 1 01 21', 104528094, 0, 0, 0, 0, 0, 0, 0, 0, 0, 0, 0, 0, 0, 0, 1),
(760, '1 20 0922', '5 1 1 01 22', 7565765, 0, 0, 0, 0, 0, 0, 0, 0, 0, 0, 0, 0, 0, 0, 1),
(761, '1 20 0922', '5 1 1 01 23', 22597308, 0, 0, 0, 0, 0, 0, 0, 0, 0, 0, 0, 0, 0, 0, 1),
(762, '1 20 0922', '5 1 1 02 01', 3356077392, 0, 0, 0, 0, 0, 0, 0, 0, 0, 0, 0, 0, 0, 0, 1),
(763, '1 20 0922', '5 1 1 02 06', 4777782281, 0, 0, 0, 0, 0, 0, 0, 0, 0, 0, 0, 0, 0, 0, 1),
(764, '1 20 0923', '5 1 1 01 01', 2953990910, 0, 0, 0, 0, 0, 0, 0, 0, 0, 0, 0, 0, 0, 0, 1),
(765, '1 20 0923', '5 1 1 01 02', 280114530, 0, 0, 0, 0, 0, 0, 0, 0, 0, 0, 0, 0, 0, 0, 1),
(766, '1 20 0923', '5 1 1 01 03', 228452000, 0, 0, 0, 0, 0, 0, 0, 0, 0, 0, 0, 0, 0, 0, 1),
(767, '1 20 0923', '5 1 1 01 05', 72539250, 0, 0, 0, 0, 0, 0, 0, 0, 0, 0, 0, 0, 0, 0, 1),
(768, '1 20 0923', '5 1 1 01 06', 152320986, 0, 0, 0, 0, 0, 0, 0, 0, 0, 0, 0, 0, 0, 0, 1),
(769, '1 20 0923', '5 1 1 01 07', 14214555, 0, 0, 0, 0, 0, 0, 0, 0, 0, 0, 0, 0, 0, 0, 1),
(770, '1 20 0923', '5 1 1 01 08', 750000, 0, 0, 0, 0, 0, 0, 0, 0, 0, 0, 0, 0, 0, 0, 1),
(771, '1 20 0923', '5 1 1 01 21', 83851010, 0, 0, 0, 0, 0, 0, 0, 0, 0, 0, 0, 0, 0, 0, 1),
(772, '1 20 0923', '5 1 1 01 22', 6075709, 0, 0, 0, 0, 0, 0, 0, 0, 0, 0, 0, 0, 0, 0, 1),
(773, '1 20 0923', '5 1 1 01 23', 18227035, 0, 0, 0, 0, 0, 0, 0, 0, 0, 0, 0, 0, 0, 0, 1),
(774, '1 20 0923', '5 1 1 02 01', 2637305064, 0, 0, 0, 0, 0, 0, 0, 0, 0, 0, 0, 0, 0, 0, 1),
(775, '1 20 0923', '5 1 1 02 06', 3884681866, 0, 0, 0, 0, 0, 0, 0, 0, 0, 0, 0, 0, 0, 0, 1),
(776, '1 20 0924', '5 1 1 01 01', 3669585661, 0, 0, 0, 0, 0, 0, 0, 0, 0, 0, 0, 0, 0, 0, 1),
(777, '1 20 0924', '5 1 1 01 02', 344753682, 0, 0, 0, 0, 0, 0, 0, 0, 0, 0, 0, 0, 0, 0, 1),
(778, '1 20 0924', '5 1 1 01 03', 300202000, 0, 0, 0, 0, 0, 0, 0, 0, 0, 0, 0, 0, 0, 0, 1),
(779, '1 20 0924', '5 1 1 01 05', 88970000, 0, 0, 0, 0, 0, 0, 0, 0, 0, 0, 0, 0, 0, 0, 1),
(780, '1 20 0924', '5 1 1 01 06', 176371668, 0, 0, 0, 0, 0, 0, 0, 0, 0, 0, 0, 0, 0, 0, 1),
(781, '1 20 0924', '5 1 1 01 07', 15700230, 0, 0, 0, 0, 0, 0, 0, 0, 0, 0, 0, 0, 0, 0, 1),
(782, '1 20 0924', '5 1 1 01 08', 750000, 0, 0, 0, 0, 0, 0, 0, 0, 0, 0, 0, 0, 0, 0, 1),
(783, '1 20 0924', '5 1 1 01 21', 101455556, 0, 0, 0, 0, 0, 0, 0, 0, 0, 0, 0, 0, 0, 0, 1),
(784, '1 20 0924', '5 1 1 01 22', 7418321, 0, 0, 0, 0, 0, 0, 0, 0, 0, 0, 0, 0, 0, 0, 1),
(785, '1 20 0924', '5 1 1 01 23', 22255055, 0, 0, 0, 0, 0, 0, 0, 0, 0, 0, 0, 0, 0, 0, 1),
(786, '1 20 0924', '5 1 1 02 01', 3341173536, 0, 0, 0, 0, 0, 0, 0, 0, 0, 0, 0, 0, 0, 0, 1),
(787, '1 20 0924', '5 1 1 02 06', 4749187980, 0, 0, 0, 0, 0, 0, 0, 0, 0, 0, 0, 0, 0, 0, 1),
(788, '1 20 0925', '5 1 1 01 01', 2509781423, 0, 0, 0, 0, 0, 0, 0, 0, 0, 0, 0, 0, 0, 0, 1),
(789, '1 20 0925', '5 1 1 01 02', 270238204, 0, 0, 0, 0, 0, 0, 0, 0, 0, 0, 0, 0, 0, 0, 1),
(790, '1 20 0925', '5 1 1 01 03', 192577000, 0, 0, 0, 0, 0, 0, 0, 0, 0, 0, 0, 0, 0, 0, 1),
(791, '1 20 0925', '5 1 1 01 05', 125347250, 0, 0, 0, 0, 0, 0, 0, 0, 0, 0, 0, 0, 0, 0, 1),
(792, '1 20 0925', '5 1 1 01 06', 138959496, 0, 0, 0, 0, 0, 0, 0, 0, 0, 0, 0, 0, 0, 0, 1),
(793, '1 20 0925', '5 1 1 01 07', 14109812, 0, 0, 0, 0, 0, 0, 0, 0, 0, 0, 0, 0, 0, 0, 1),
(794, '1 20 0925', '5 1 1 01 08', 768750, 0, 0, 0, 0, 0, 0, 0, 0, 0, 0, 0, 0, 0, 0, 1),
(795, '1 20 0925', '5 1 1 01 21', 72290527, 0, 0, 0, 0, 0, 0, 0, 0, 0, 0, 0, 0, 0, 0, 1),
(796, '1 20 0925', '5 1 1 01 22', 5186014, 0, 0, 0, 0, 0, 0, 0, 0, 0, 0, 0, 0, 0, 0, 1),
(797, '1 20 0925', '5 1 1 01 23', 15756402, 0, 0, 0, 0, 0, 0, 0, 0, 0, 0, 0, 0, 0, 0, 1),
(798, '1 20 0925', '5 1 1 02 01', 2366325864, 0, 0, 0, 0, 0, 0, 0, 0, 0, 0, 0, 0, 0, 0, 1),
(799, '1 20 0925', '5 1 1 02 06', 3443550211, 0, 0, 0, 0, 0, 0, 0, 0, 0, 0, 0, 0, 0, 0, 1),
(800, '1 20 0926', '5 1 1 01 01', 3444164505, 0, 0, 0, 0, 0, 0, 0, 0, 0, 0, 0, 0, 0, 0, 1),
(801, '1 20 0926', '5 1 1 01 02', 319018577, 0, 0, 0, 0, 0, 0, 0, 0, 0, 0, 0, 0, 0, 0, 1),
(802, '1 20 0926', '5 1 1 01 03', 293170500, 0, 0, 0, 0, 0, 0, 0, 0, 0, 0, 0, 0, 0, 0, 1),
(803, '1 20 0926', '5 1 1 01 05', 79714250, 0, 0, 0, 0, 0, 0, 0, 0, 0, 0, 0, 0, 0, 0, 1),
(804, '1 20 0926', '5 1 1 01 06', 169245540, 0, 0, 0, 0, 0, 0, 0, 0, 0, 0, 0, 0, 0, 0, 1),
(805, '1 20 0926', '5 1 1 01 07', 16309340, 0, 0, 0, 0, 0, 0, 0, 0, 0, 0, 0, 0, 0, 0, 1),
(806, '1 20 0926', '5 1 1 01 08', 736625, 0, 0, 0, 0, 0, 0, 0, 0, 0, 0, 0, 0, 0, 0, 1),
(807, '1 20 0926', '5 1 1 01 21', 93998867, 0, 0, 0, 0, 0, 0, 0, 0, 0, 0, 0, 0, 0, 0, 1),
(808, '1 20 0926', '5 1 1 01 22', 7103646, 0, 0, 0, 0, 0, 0, 0, 0, 0, 0, 0, 0, 0, 0, 1),
(809, '1 20 0926', '5 1 1 01 23', 21310924, 0, 0, 0, 0, 0, 0, 0, 0, 0, 0, 0, 0, 0, 0, 1),
(810, '1 20 0926', '5 1 1 02 01', 3287429328, 0, 0, 0, 0, 0, 0, 0, 0, 0, 0, 0, 0, 0, 0, 1),
(811, '1 20 0926', '5 1 1 02 06', 4704501218, 0, 0, 0, 0, 0, 0, 0, 0, 0, 0, 0, 0, 0, 0, 1),
(812, '1 20 0927', '5 1 1 01 01', 2932549857, 0, 0, 0, 0, 0, 0, 0, 0, 0, 0, 0, 0, 0, 0, 1),
(813, '1 20 0927', '5 1 1 01 02', 278600395, 0, 0, 0, 0, 0, 0, 0, 0, 0, 0, 0, 0, 0, 0, 1),
(814, '1 20 0927', '5 1 1 01 03', 228452000, 0, 0, 0, 0, 0, 0, 0, 0, 0, 0, 0, 0, 0, 0, 1),
(815, '1 20 0927', '5 1 1 01 05', 80360000, 0, 0, 0, 0, 0, 0, 0, 0, 0, 0, 0, 0, 0, 0, 1),
(816, '1 20 0927', '5 1 1 01 06', 150539454, 0, 0, 0, 0, 0, 0, 0, 0, 0, 0, 0, 0, 0, 0, 1),
(817, '1 20 0927', '5 1 1 01 07', 10927290, 0, 0, 0, 0, 0, 0, 0, 0, 0, 0, 0, 0, 0, 0, 1),
(818, '1 20 0927', '5 1 1 01 08', 1085815, 0, 0, 0, 0, 0, 0, 0, 0, 0, 0, 0, 0, 0, 0, 1),
(819, '1 20 0927', '5 1 1 01 21', 80311448, 0, 0, 0, 0, 0, 0, 0, 0, 0, 0, 0, 0, 0, 0, 1),
(820, '1 20 0927', '5 1 1 01 22', 6027186, 0, 0, 0, 0, 0, 0, 0, 0, 0, 0, 0, 0, 0, 0, 1),
(821, '1 20 0927', '5 1 1 01 23', 18081505, 0, 0, 0, 0, 0, 0, 0, 0, 0, 0, 0, 0, 0, 0, 1),
(822, '1 20 0927', '5 1 1 02 01', 2715889032, 0, 0, 0, 0, 0, 0, 0, 0, 0, 0, 0, 0, 0, 0, 1),
(823, '1 20 0927', '5 1 1 02 06', 3947395361, 0, 0, 0, 0, 0, 0, 0, 0, 0, 0, 0, 0, 0, 0, 1),
(824, '1 20 0928', '5 1 1 01 01', 3474479617, 0, 0, 0, 0, 0, 0, 0, 0, 0, 0, 0, 0, 0, 0, 1),
(825, '1 20 0928', '5 1 1 01 02', 348422438, 0, 0, 0, 0, 0, 0, 0, 0, 0, 0, 0, 0, 0, 0, 1),
(826, '1 20 0928', '5 1 1 01 03', 300202000, 0, 0, 0, 0, 0, 0, 0, 0, 0, 0, 0, 0, 0, 0, 1),
(827, '1 20 0928', '5 1 1 01 05', 78146250, 0, 0, 0, 0, 0, 0, 0, 0, 0, 0, 0, 0, 0, 0, 1),
(828, '1 20 0928', '5 1 1 01 06', 181716264, 0, 0, 0, 0, 0, 0, 0, 0, 0, 0, 0, 0, 0, 0, 1),
(829, '1 20 0928', '5 1 1 01 07', 13622645, 0, 0, 0, 0, 0, 0, 0, 0, 0, 0, 0, 0, 0, 0, 1),
(830, '1 20 0928', '5 1 1 01 08', 750000, 0, 0, 0, 0, 0, 0, 0, 0, 0, 0, 0, 0, 0, 0, 1),
(831, '1 20 0928', '5 1 1 01 21', 97225102, 0, 0, 0, 0, 0, 0, 0, 0, 0, 0, 0, 0, 0, 0, 1),
(832, '1 20 0928', '5 1 1 01 22', 8436749, 0, 0, 0, 0, 0, 0, 0, 0, 0, 0, 0, 0, 0, 0, 1),
(833, '1 20 0928', '5 1 1 01 23', 21153845, 0, 0, 0, 0, 0, 0, 0, 0, 0, 0, 0, 0, 0, 0, 1),
(834, '1 20 0928', '5 1 1 02 01', 3133648632, 0, 0, 0, 0, 0, 0, 0, 0, 0, 0, 0, 0, 0, 0, 1),
(835, '1 20 0928', '5 1 1 02 06', 4585925237, 0, 0, 0, 0, 0, 0, 0, 0, 0, 0, 0, 0, 0, 0, 1),
(836, '1 20 0929', '5 1 1 01 01', 2926436973, 0, 0, 0, 0, 0, 0, 0, 0, 0, 0, 0, 0, 0, 0, 1),
(837, '1 20 0929', '5 1 1 01 02', 304619920, 0, 0, 0, 0, 0, 0, 0, 0, 0, 0, 0, 0, 0, 0, 1),
(838, '1 20 0929', '5 1 1 01 03', 228452000, 0, 0, 0, 0, 0, 0, 0, 0, 0, 0, 0, 0, 0, 0, 1),
(839, '1 20 0929', '5 1 1 01 05', 75409250, 0, 0, 0, 0, 0, 0, 0, 0, 0, 0, 0, 0, 0, 0, 1),
(840, '1 20 0929', '5 1 1 01 06', 156774816, 0, 0, 0, 0, 0, 0, 0, 0, 0, 0, 0, 0, 0, 0, 1),
(841, '1 20 0929', '5 1 1 01 07', 9558688, 0, 0, 0, 0, 0, 0, 0, 0, 0, 0, 0, 0, 0, 0, 1),
(842, '1 20 0929', '5 1 1 01 08', 750000, 0, 0, 0, 0, 0, 0, 0, 0, 0, 0, 0, 0, 0, 0, 1),
(843, '1 20 0929', '5 1 1 01 21', 83040897, 0, 0, 0, 0, 0, 0, 0, 0, 0, 0, 0, 0, 0, 0, 1),
(844, '1 20 0929', '5 1 1 01 22', 7015412, 0, 0, 0, 0, 0, 0, 0, 0, 0, 0, 0, 0, 0, 0, 1),
(845, '1 20 0929', '5 1 1 01 23', 19046340, 0, 0, 0, 0, 0, 0, 0, 0, 0, 0, 0, 0, 0, 0, 1),
(846, '1 20 0929', '5 1 1 02 01', 2660564112, 0, 0, 0, 0, 0, 0, 0, 0, 0, 0, 0, 0, 0, 0, 1),
(847, '1 20 0929', '5 1 1 02 06', 3901934208, 0, 0, 0, 0, 0, 0, 0, 0, 0, 0, 0, 0, 0, 0, 1),
(848, '1 20 0930', '5 1 1 01 01', 3100520840, 0, 0, 0, 0, 0, 0, 0, 0, 0, 0, 0, 0, 0, 0, 1),
(849, '1 20 0930', '5 1 1 01 02', 331476080, 0, 0, 0, 0, 0, 0, 0, 0, 0, 0, 0, 0, 0, 0, 1),
(850, '1 20 0930', '5 1 1 01 03', 228452000, 0, 0, 0, 0, 0, 0, 0, 0, 0, 0, 0, 0, 0, 0, 1),
(851, '1 20 0930', '5 1 1 01 05', 93544500, 0, 0, 0, 0, 0, 0, 0, 0, 0, 0, 0, 0, 0, 0, 1),
(852, '1 20 0930', '5 1 1 01 06', 161228646, 0, 0, 0, 0, 0, 0, 0, 0, 0, 0, 0, 0, 0, 0, 1),
(853, '1 20 0930', '5 1 1 01 07', 12927511, 0, 0, 0, 0, 0, 0, 0, 0, 0, 0, 0, 0, 0, 0, 1),
(854, '1 20 0930', '5 1 1 01 08', 750100, 0, 0, 0, 0, 0, 0, 0, 0, 0, 0, 0, 0, 0, 0, 1),
(855, '1 20 0930', '5 1 1 01 09', 0, 0, 0, 0, 0, 0, 0, 0, 0, 0, 0, 0, 0, 0, 0, 1),
(856, '1 20 0930', '5 1 1 01 21', 86721150, 0, 0, 0, 0, 0, 0, 0, 0, 0, 0, 0, 0, 0, 0, 1),
(857, '1 20 0930', '5 1 1 01 22', 6394991, 0, 0, 0, 0, 0, 0, 0, 0, 0, 0, 0, 0, 0, 0, 1),
(858, '1 20 0930', '5 1 1 01 23', 19184854, 0, 0, 0, 0, 0, 0, 0, 0, 0, 0, 0, 0, 0, 0, 1),
(859, '1 20 0930', '5 1 1 02 01', 2725373304, 0, 0, 0, 0, 0, 0, 0, 0, 0, 0, 0, 0, 0, 0, 1),
(860, '1 20 0930', '5 1 1 02 06', 3951581741, 0, 0, 0, 0, 0, 0, 0, 0, 0, 0, 0, 0, 0, 0, 1),
(861, '1 20 0931', '5 1 1 01 01', 3154819592, 0, 0, 0, 0, 0, 0, 0, 0, 0, 0, 0, 0, 0, 0, 1),
(862, '1 20 0931', '5 1 1 01 02', 336452936, 0, 0, 0, 0, 0, 0, 0, 0, 0, 0, 0, 0, 0, 0, 1),
(863, '1 20 0931', '5 1 1 01 03', 228452000, 0, 0, 0, 0, 0, 0, 0, 0, 0, 0, 0, 0, 0, 0, 1),
(864, '1 20 0931', '5 1 1 01 05', 87965500, 0, 0, 0, 0, 0, 0, 0, 0, 0, 0, 0, 0, 0, 0, 1),
(865, '1 20 0931', '5 1 1 01 06', 163900944, 0, 0, 0, 0, 0, 0, 0, 0, 0, 0, 0, 0, 0, 0, 1),
(866, '1 20 0931', '5 1 1 01 07', 7611927, 0, 0, 0, 0, 0, 0, 0, 0, 0, 0, 0, 0, 0, 0, 1),
(867, '1 20 0931', '5 1 1 01 08', 750000, 0, 0, 0, 0, 0, 0, 0, 0, 0, 0, 0, 0, 0, 0, 1),
(868, '1 20 0931', '5 1 1 01 21', 88706174, 0, 0, 0, 0, 0, 0, 0, 0, 0, 0, 0, 0, 0, 0, 1),
(869, '1 20 0931', '5 1 1 01 22', 7208534, 0, 0, 0, 0, 0, 0, 0, 0, 0, 0, 0, 0, 0, 0, 1),
(870, '1 20 0931', '5 1 1 01 23', 20468397, 0, 0, 0, 0, 0, 0, 0, 0, 0, 0, 0, 0, 0, 0, 1),
(871, '1 20 0931', '5 1 1 02 01', 2817280416, 0, 0, 0, 0, 0, 0, 0, 0, 0, 0, 0, 0, 0, 0, 1),
(872, '1 20 0931', '5 1 1 02 06', 4025364612, 0, 0, 0, 0, 0, 0, 0, 0, 0, 0, 0, 0, 0, 0, 1),
(873, '1 20 1200', '5 1 1 01 01', 2392828999, 154273300, 154692900, 152516600, 0, 0, 0, 0, 0, 0, 0, 0, 0, 180000000, 180000000, 1),
(874, '1 20 1200', '5 1 1 01 02', 256038261, 15543906, 15586018, 15241320, 0, 0, 0, 0, 0, 0, 0, 0, 0, 0, 0, 1),
(875, '1 20 1200', '5 1 1 01 03', 159069750, 10545000, 10545000, 10545000, 0, 0, 0, 0, 0, 0, 0, 0, 0, 0, 0, 1),
(876, '1 20 1200', '5 1 1 01 04', 30135000, 2100000, 2100000, 2100000, 0, 0, 0, 0, 0, 0, 0, 0, 0, 0, 0, 1),
(877, '1 20 1200', '5 1 1 01 05', 87673250, 5675000, 5675000, 5490000, 0, 0, 0, 0, 0, 0, 0, 0, 0, 0, 0, 1),
(878, '1 20 1200', '5 1 1 01 06', 123816474, 9849120, 9849120, 9559440, 0, 0, 0, 0, 0, 0, 0, 0, 0, 0, 0, 1),
(879, '1 20 1200', '5 1 1 01 07', 11255854, 347651, 347651, 370867, 0, 0, 0, 0, 0, 0, 0, 0, 0, 0, 0, 1),
(880, '1 20 1200', '5 1 1 01 08', 750000, 2393, 2351, 2130, 0, 0, 0, 0, 0, 0, 0, 0, 0, 0, 0, 1),
(881, '1 20 1200', '5 1 1 01 21', 66959468, 5094517, 5108369, 5032740, 0, 0, 0, 0, 0, 0, 0, 0, 0, 0, 0, 1),
(882, '1 20 1200', '5 1 1 01 22', 4863830, 370256, 371263, 366038, 0, 0, 0, 0, 0, 0, 0, 0, 0, 0, 0, 1),
(883, '1 20 1200', '5 1 1 01 23', 14591531, 1110766, 1113787, 1098118, 0, 0, 0, 0, 0, 0, 0, 0, 0, 0, 0, 1),
(884, '1 20 1200', '5 1 1 02 01', 2530719912, 211596600, 210293000, 207545850, 0, 0, 0, 0, 0, 0, 0, 0, 0, 0, 0, 1),
(885, '1 20 1200', '5 1 1 02 06', 5923485293, 321201330, 492696971, 492649247, 0, 0, 0, 0, 0, 0, 0, 0, 0, 0, 0, 1),
(886, '1 25 0100', '5 1 1 01 01', 2317809116, 0, 0, 0, 0, 0, 0, 0, 0, 0, 0, 0, 0, 0, 0, 1),
(887, '1 25 0100', '5 1 1 01 02', 227576326, 0, 0, 0, 0, 0, 0, 0, 0, 0, 0, 0, 0, 0, 0, 1),
(888, '1 25 0100', '5 1 1 01 03', 174567750, 0, 0, 0, 0, 0, 0, 0, 0, 0, 0, 0, 0, 0, 0, 1),
(889, '1 25 0100', '5 1 1 01 05', 91266000, 0, 0, 0, 0, 0, 0, 0, 0, 0, 0, 0, 0, 0, 0, 1),
(890, '1 25 0100', '5 1 1 01 06', 133614900, 0, 0, 0, 0, 0, 0, 0, 0, 0, 0, 0, 0, 0, 0, 1),
(891, '1 25 0100', '5 1 1 01 07', 9114748, 0, 0, 0, 0, 0, 0, 0, 0, 0, 0, 0, 0, 0, 0, 1),
(892, '1 25 0100', '5 1 1 01 08', 2562425, 0, 0, 0, 0, 0, 0, 0, 0, 0, 0, 0, 0, 0, 0, 1),
(893, '1 25 0100', '5 1 1 01 21', 65763355, 0, 0, 0, 0, 0, 0, 0, 0, 0, 0, 0, 0, 0, 0, 1),
(894, '1 25 0100', '5 1 1 01 22', 7807076, 0, 0, 0, 0, 0, 0, 0, 0, 0, 0, 0, 0, 0, 0, 1),
(895, '1 25 0100', '5 1 1 01 23', 14921309, 0, 0, 0, 0, 0, 0, 0, 0, 0, 0, 0, 0, 0, 0, 1),
(896, '1 25 0100', '5 1 1 02 01', 2618419200, 0, 0, 0, 0, 0, 0, 0, 0, 0, 0, 0, 0, 0, 0, 1),
(897, '1 25 0100', '5 1 1 02 06', 5102461190, 0, 0, 0, 0, 0, 0, 0, 0, 0, 0, 0, 0, 0, 0, 1),
(898, '1 26 0100', '5 1 1 01 01', 2693519036, 0, 0, 0, 0, 0, 0, 0, 0, 0, 0, 0, 0, 0, 0, 1),
(899, '1 26 0100', '5 1 1 01 02', 266671186, 0, 0, 0, 0, 0, 0, 0, 0, 0, 0, 0, 0, 0, 0, 1),
(900, '1 26 0100', '5 1 1 01 03', 151320750, 0, 0, 0, 0, 0, 0, 0, 0, 0, 0, 0, 0, 0, 0, 1),
(901, '1 26 0100', '5 1 1 01 04', 31570000, 0, 0, 0, 0, 0, 0, 0, 0, 0, 0, 0, 0, 0, 0, 1),
(902, '1 26 0100', '5 1 1 01 05', 86458750, 0, 0, 0, 0, 0, 0, 0, 0, 0, 0, 0, 0, 0, 0, 1),
(903, '1 26 0100', '5 1 1 01 06', 127379538, 0, 0, 0, 0, 0, 0, 0, 0, 0, 0, 0, 0, 0, 0, 1),
(904, '1 26 0100', '5 1 1 01 07', 14843436, 0, 0, 0, 0, 0, 0, 0, 0, 0, 0, 0, 0, 0, 0, 1),
(905, '1 26 0100', '5 1 1 01 08', 750085, 0, 0, 0, 0, 0, 0, 0, 0, 0, 0, 0, 0, 0, 0, 1),
(906, '1 26 0100', '5 1 1 01 21', 74241842, 0, 0, 0, 0, 0, 0, 0, 0, 0, 0, 0, 0, 0, 0, 1),
(907, '1 26 0100', '5 1 1 01 22', 5408594, 0, 0, 0, 0, 0, 0, 0, 0, 0, 0, 0, 0, 0, 0, 1),
(908, '1 26 0100', '5 1 1 01 23', 16225783, 0, 0, 0, 0, 0, 0, 0, 0, 0, 0, 0, 0, 0, 0, 1),
(909, '1 26 0100', '5 1 1 02 01', 2485782528, 0, 0, 0, 0, 0, 0, 0, 0, 0, 0, 0, 0, 0, 0, 1),
(910, '1 26 0100', '5 1 1 02 06', 4403662505, 0, 0, 0, 0, 0, 0, 0, 0, 0, 0, 0, 0, 0, 0, 1),
(911, '2 01 0100', '5 1 1 01 01', 4078977169, 0, 0, 0, 0, 0, 0, 0, 0, 0, 0, 0, 0, 0, 0, 1),
(912, '2 01 0100', '5 1 1 01 02', 410123609, 0, 0, 0, 0, 0, 0, 0, 0, 0, 0, 0, 0, 0, 0, 1),
(913, '2 01 0100', '5 1 1 01 03', 277313750, 0, 0, 0, 0, 0, 0, 0, 0, 0, 0, 0, 0, 0, 0, 1),
(914, '2 01 0100', '5 1 1 01 04', 138047000, 0, 0, 0, 0, 0, 0, 0, 0, 0, 0, 0, 0, 0, 0, 1),
(915, '2 01 0100', '5 1 1 01 05', 109849250, 0, 0, 0, 0, 0, 0, 0, 0, 0, 0, 0, 0, 0, 0, 1),
(916, '2 01 0100', '5 1 1 01 06', 207548478, 0, 0, 0, 0, 0, 0, 0, 0, 0, 0, 0, 0, 0, 0, 1),
(917, '2 01 0100', '5 1 1 01 07', 26645970, 0, 0, 0, 0, 0, 0, 0, 0, 0, 0, 0, 0, 0, 0, 1),
(918, '2 01 0100', '5 1 1 01 08', 750000, 0, 0, 0, 0, 0, 0, 0, 0, 0, 0, 0, 0, 0, 0, 1),
(919, '2 01 0100', '5 1 1 01 21', 107660201, 0, 0, 0, 0, 0, 0, 0, 0, 0, 0, 0, 0, 0, 0, 1),
(920, '2 01 0100', '5 1 1 01 22', 7970978, 0, 0, 0, 0, 0, 0, 0, 0, 0, 0, 0, 0, 0, 0, 1),
(921, '2 01 0100', '5 1 1 01 23', 23913015, 0, 0, 0, 0, 0, 0, 0, 0, 0, 0, 0, 0, 0, 0, 1),
(922, '2 01 0100', '5 1 1 02 01', 3921520656, 0, 0, 0, 0, 0, 0, 0, 0, 0, 0, 0, 0, 0, 0, 1),
(923, '2 01 0100', '5 1 1 02 06', 6115703040, 0, 0, 0, 0, 0, 0, 0, 0, 0, 0, 0, 0, 0, 0, 1),
(924, '2 06 0100', '5 1 1 01 01', 4202309181, 0, 0, 0, 0, 0, 0, 0, 0, 0, 0, 0, 0, 0, 0, 1),
(925, '2 06 0100', '5 1 1 01 02', 443503851, 0, 0, 0, 0, 0, 0, 0, 0, 0, 0, 0, 0, 0, 0, 1),
(926, '2 06 0100', '5 1 1 01 03', 166818750, 0, 0, 0, 0, 0, 0, 0, 0, 0, 0, 0, 0, 0, 0, 1),
(927, '2 06 0100', '5 1 1 01 04', 93849000, 0, 0, 0, 0, 0, 0, 0, 0, 0, 0, 0, 0, 0, 0, 1),
(928, '2 06 0100', '5 1 1 01 05', 177007250, 0, 0, 0, 0, 0, 0, 0, 0, 0, 0, 0, 0, 0, 0, 1),
(929, '2 06 0100', '5 1 1 01 06', 239616054, 0, 0, 0, 0, 0, 0, 0, 0, 0, 0, 0, 0, 0, 0, 1),
(930, '2 06 0100', '5 1 1 01 07', 12524300, 0, 0, 0, 0, 0, 0, 0, 0, 0, 0, 0, 0, 0, 0, 1),
(931, '2 06 0100', '5 1 1 01 08', 750000, 0, 0, 0, 0, 0, 0, 0, 0, 0, 0, 0, 0, 0, 0, 1),
(932, '2 06 0100', '5 1 1 01 21', 113347822, 0, 0, 0, 0, 0, 0, 0, 0, 0, 0, 0, 0, 0, 0, 1),
(933, '2 06 0100', '5 1 1 01 22', 11177171, 0, 0, 0, 0, 0, 0, 0, 0, 0, 0, 0, 0, 0, 0, 1),
(934, '2 06 0100', '5 1 1 01 23', 28066895, 0, 0, 0, 0, 0, 0, 0, 0, 0, 0, 0, 0, 0, 0, 1),
(935, '2 06 0100', '5 1 1 02 01', 4160433984, 0, 0, 0, 0, 0, 0, 0, 0, 0, 0, 0, 0, 0, 0, 1),
(936, '2 06 0100', '5 1 1 02 06', 5999885890, 0, 0, 0, 0, 0, 0, 0, 0, 0, 0, 0, 0, 0, 0, 1);

-- --------------------------------------------------------

--
-- Table structure for table `pengguna`
--

CREATE TABLE `pengguna` (
  `id_pengguna` int(10) NOT NULL,
  `nama_pengguna` varchar(100) NOT NULL,
  `username` varchar(50) NOT NULL,
  `password` varchar(50) NOT NULL,
  `role_pengguna` varchar(20) NOT NULL,
  `last_login` datetime DEFAULT NULL
) ENGINE=InnoDB DEFAULT CHARSET=latin1;

--
-- Dumping data for table `pengguna`
--

INSERT INTO `pengguna` (`id_pengguna`, `nama_pengguna`, `username`, `password`, `role_pengguna`, `last_login`) VALUES
(1, 'Dinas Pendidikan', '1010100', '123456', 'SKPD', NULL),
(2, 'Dinas Kesehatan', '1020100', '123456', 'SKPD', NULL),
(3, 'RSUD dr. Mohamad Soewandhie', '1020200', '123456', 'SKPD', NULL),
(4, 'RSUD Bhakti Dharma Husada', '1020300', '123456', 'SKPD', NULL),
(5, 'Dinas Pekerjaan Umum Bina Marga dan Pematusan', '1030100', '123456', 'SKPD', NULL),
(6, 'Dinas Pemadam Kebakaran', '1040100', '123456', 'SKPD', NULL),
(7, 'Dinas Pengelolaan Bangunan dan Tanah', '1040200', '123456', 'SKPD', NULL),
(8, 'Dinas Perumahan Rakyat dan Kawasan Permukiman, Cipta Karya dan Tata Ruang', '1050100', '123456', 'SKPD', NULL),
(9, 'Badan Perencanaan Pembangunan', '1060100', '123456', 'SKPD', NULL),
(10, 'Dinas Perhubungan', '1070100', '123456', 'SKPD', NULL),
(11, 'Dinas Lingkungan Hidup', '1080100', '123456', 'SKPD', NULL),
(12, 'Dinas Kebersihan dan Ruang Terbuka Hijau', '1080200', '123456', 'SKPD', NULL),
(13, 'Dinas Kependudukan dan Pencatatan Sipil', '1100100', '123456', 'SKPD', NULL),
(14, 'Dinas Pengendalian Penduduk, Pemberdayaan Perempuan dan Perlindungan Anak', '1120100', '123456', 'SKPD', NULL),
(15, 'Dinas Sosial', '1130100', '123456', 'SKPD', NULL),
(16, 'Dinas Tenaga Kerja', '1140100', '123456', 'SKPD', NULL),
(17, 'Dinas Koperasi dan Usaha Mikro', '1150100', '123456', 'SKPD', NULL),
(18, 'Dinas Penanaman Modal dan Pelayanan Terpadu Satu Pintu', '1160100', '123456', 'SKPD', NULL),
(19, 'Dinas Kebudayaan dan Pariwisata', '1170100', '123456', 'SKPD', NULL),
(20, 'Dinas Kepemudaan dan Olah Raga', '1180100', '123456', 'SKPD', NULL),
(21, 'Badan Kesatuan Bangsa, Politik dan Perlindungan Masyarakat', '1190100', '123456', 'SKPD', NULL),
(22, 'Satuan Polisi Pamong Praja', '1190200', '123456', 'SKPD', '2019-06-26 14:15:32'),
(23, 'Badan Penanggulangan Bencana dan Perlindungan Masyarakat', '1190300', '123456', 'SKPD', '2019-06-26 13:20:46'),
(24, 'Dewan Perwakilan Rakyat Daerah', '1200100', '123456', 'SKPD', NULL),
(25, 'Kepala Daerah dan Wakil Kepala Daerah', '1200200', '123456', 'SKPD', NULL),
(26, 'Bagian Administrasi Pemerintahan dan Otonomi Daerah', '1200301', '123456', 'SKPD', '2019-06-27 08:55:33'),
(27, 'Bagian Hukum', '1200302', '123456', 'SKPD', NULL),
(28, 'Bagian Organisasi', '1200303', '123456', 'SKPD', NULL),
(29, 'Bagian Administrasi Kerjasama', '1200304', '123456', 'SKPD', NULL),
(30, 'Bagian Administrasi Pembangunan', '1200305', '123456', 'SKPD', NULL),
(31, 'Bagian Administrasi Perekonomian dan Usaha Daerah', '1200306', '123456', 'SKPD', NULL),
(32, 'Bagian Administrasi Kesejahteraan Rakyat', '1200307', '123456', 'SKPD', NULL),
(33, 'Bagian Umum dan Protokol', '1200308', '123456', 'SKPD', NULL),
(34, 'Bagian Layanan Pengadaan dan Pengelolaan Aset', '1200309', '123456', 'SKPD', NULL),
(35, 'Bagian Hubungan Masyarakat', '1200310', '123456', 'SKPD', NULL),
(36, 'Sekretariat DPRD', '1200400', '123456', 'SKPD', NULL),
(37, 'Badan Pengelolaan Keuangan dan Pajak Daerah', '1200500', '123456', 'SKPD', NULL),
(38, 'Inspektorat', '1200700', '123456', 'SKPD', NULL),
(39, 'Kecamatan Genteng', '1200901', '123456', 'SKPD', NULL),
(40, 'Kecamatan Simokerto', '1200902', '123456', 'SKPD', NULL),
(41, 'Kecamatan Tegalsari', '1200903', '123456', 'SKPD', NULL),
(42, 'Kecamatan Bubutan', '1200904', '123456', 'SKPD', NULL),
(43, 'Kecamatan Kenjeran', '1200905', '123456', 'SKPD', NULL),
(44, 'Kecamatan Pabean Cantian', '1200906', '123456', 'SKPD', NULL),
(45, 'Kecamatan Semampir', '1200907', '123456', 'SKPD', NULL),
(46, 'Kecamatan Krembangan', '1200908', '123456', 'SKPD', NULL),
(47, 'Kecamatan Tambaksari', '1200909', '123456', 'SKPD', NULL),
(48, 'Kecamatan Gubeng', '1200910', '123456', 'SKPD', NULL),
(49, 'Kecamatan Rungkut', '1200911', '123456', 'SKPD', NULL),
(50, 'Kecamatan Gunung Anyar', '1200912', '123456', 'SKPD', NULL),
(51, 'Kecamatan Tenggilis Mejoyo', '1200913', '123456', 'SKPD', NULL),
(52, 'Kecamatan Sukolilo', '1200914', '123456', 'SKPD', NULL),
(53, 'Kecamatan Mulyorejo', '1200915', '123456', 'SKPD', NULL),
(54, 'Kecamatan Wonokromo', '1200916', '123456', 'SKPD', NULL),
(55, 'Kecamatan Karangpilang', '1200917', '123456', 'SKPD', NULL),
(56, 'Kecamatan Dukuh Pakis', '1200918', '123456', 'SKPD', NULL),
(57, 'Kecamatan Gayungan', '1200919', '123456', 'SKPD', NULL),
(58, 'Kecamatan Jambangan', '1200920', '123456', 'SKPD', NULL),
(59, 'Kecamatan Wonocolo', '1200921', '123456', 'SKPD', NULL),
(60, 'Kecamatan Sawahan', '1200922', '123456', 'SKPD', NULL),
(61, 'Kecamatan Wiyung', '1200923', '123456', 'SKPD', NULL),
(62, 'Kecamatan Tandes', '1200924', '123456', 'SKPD', NULL),
(63, 'Kecamatan Asemrowo', '1200925', '123456', 'SKPD', NULL),
(64, 'Kecamatan Sukomanunggal', '1200926', '123456', 'SKPD', NULL),
(65, 'Kecamatan Benowo', '1200927', '123456', 'SKPD', NULL),
(66, 'Kecamatan Lakarsantri', '1200928', '123456', 'SKPD', NULL),
(67, 'Kecamatan Sambikerep', '1200929', '123456', 'SKPD', NULL),
(68, 'Kecamatan Pakal', '1200930', '123456', 'SKPD', NULL),
(69, 'Kecamatan Bulak', '1200931', '123456', 'SKPD', NULL),
(70, 'Badan Kepegawaian dan Diklat', '1201200', '123456', 'SKPD', '2019-06-28 15:41:09'),
(71, 'Dinas Komunikasi dan Informatika', '1250100', '123456', 'SKPD', NULL),
(72, 'Dinas Perpustakaan dan Kearsipan', '1260100', '123456', 'SKPD', NULL),
(73, 'Dinas Ketahanan Pangan dan Pertanian', '2010100', '123456', 'SKPD', NULL),
(74, 'Dinas Perdagangan', '2060100', '123456', 'SKPD', NULL),
(75, 'admin', 'admin', 'admin', 'Admin', '2019-07-02 10:23:33');

-- --------------------------------------------------------

--
-- Table structure for table `rincian`
--

CREATE TABLE `rincian` (
  `id_rincian` varchar(12) NOT NULL,
  `nama_rincian` varchar(200) NOT NULL
) ENGINE=InnoDB DEFAULT CHARSET=latin1;

--
-- Dumping data for table `rincian`
--

INSERT INTO `rincian` (`id_rincian`, `nama_rincian`) VALUES
('5 1 1 01 01', 'Gaji Pokok PNS / Uang Representasi'),
('5 1 1 01 02', 'Tunjangan Keluarga'),
('5 1 1 01 03', 'Tunjangan Jabatan'),
('5 1 1 01 04', 'Tunjangan Fungsional'),
('5 1 1 01 05', 'Tunjangan Fungsional Umum'),
('5 1 1 01 06', 'Tunjangan Beras'),
('5 1 1 01 07', 'Tunjangan PPh / Tunjangan Khusus'),
('5 1 1 01 08', 'Pembulatan Gaji'),
('5 1 1 01 10', 'Uang Paket'),
('5 1 1 01 11', 'Tunjangan Badan Musyawarah'),
('5 1 1 01 12', 'Tunjangan Komisi'),
('5 1 1 01 13', 'Tunjangan Badan  Anggaran'),
('5 1 1 01 14', 'Tunjangan Badan Kehormatan'),
('5 1 1 01 15', 'Tunjangan Alat Kelengkapan Lainnya'),
('5 1 1 01 16', 'Tunjangan Perumahan'),
('5 1 1 01 18', 'Uang Jasa Pengabdian'),
('5 1 1 01 20', 'Tunjangan Badan Legislasi Daerah'),
('5 1 1 01 21', 'BPJS Kesehatan'),
('5 1 1 01 22', 'Jaminan Kecelakaan Kerja (JKK)'),
('5 1 1 01 23', 'Jaminan Kematian (JKM)'),
('5 1 1 01 24', 'Tunjangan Transport'),
('5 1 1 01 25', 'Tambahan Penghasilan Bagi Guru PNS'),
('5 1 1 01 26', 'Tunjangan Profesi Guru PNS'),
('5 1 1 02 01', 'Tambahan Penghasilan Berdasarkan Beban Kerja'),
('5 1 1 02 06', 'Tambahan Penghasilan Berdasarkan Pertimbangan Obyektif Lainnya'),
('5 1 1 03 02', 'Tunjangan  Komunikasi  Intensif Pimpinan dan Anggota DPRD'),
('5 1 1 03 03', 'Belanja Penunjang Operasional KDH/ Wakil KDH'),
('5 1 1 03 04', 'Tunjangan Reses'),
('5 1 1 03 05', 'Dana Operasional Pimpinan DPRD'),
('5 1 1 05 01', 'Pajak Daerah'),
('5 1 1 08 01', 'Belanja Jasa Pelayanan Kesehatan'),
('5 1 4 08 01', 'Belanja Hibah Kepada Masyarakat'),
('5 1 6 04 01', 'Belanja Bagi Hasil Retribusi Daerah kepada Pemerintah Kabupaten Sidoarjo'),
('5 1 7 02 01', 'Belanja Bantuan Keuangan kepada kabupaten/Kota'),
('5 1 7 05 01', 'Partai Demokrat'),
('5 1 7 05 02', 'Partai Demokrasi Indonesia Perjuangan ( PDIP )'),
('5 1 7 05 03', 'Partai Keadilan Sejahtera ( PKS )'),
('5 1 7 05 04', 'Partai Kebangkitan Bangsa ( PKB )'),
('5 1 7 05 05', 'Partai Golongan Karya ( GOLKAR )'),
('5 1 7 05 07', 'Partai Gerakan Indonesia Raya ( GERINDRA )'),
('5 1 7 05 08', 'Partai Amanat Nasional ( PAN )'),
('5 1 7 05 09', 'Partai Persatuan Pembangunan ( PPP )'),
('5 1 7 05 11', 'Partai Hati Nurani Rakyat (HANURA)'),
('5 1 7 05 13', 'Partai Nasdem'),
('5 1 8 01 02', 'Belanja Tidak Terduga Atas Pengeluaran Untuk Mendanai Tanggap Darurat, Penanggulangan Bencana Alam dan/atau Bencana Sosial'),
('5 1 8 01 03', 'Belanja Tidak Terduga Atas Pengembalian Kelebihan Penerimaan Daerah Tahun-Tahun Sebelumnya');

-- --------------------------------------------------------

--
-- Table structure for table `skpd`
--

CREATE TABLE `skpd` (
  `id_skpd` varchar(15) NOT NULL,
  `nama_skpd` varchar(100) NOT NULL,
  `id_pengguna` int(10) DEFAULT NULL
) ENGINE=InnoDB DEFAULT CHARSET=latin1;

--
-- Dumping data for table `skpd`
--

INSERT INTO `skpd` (`id_skpd`, `nama_skpd`, `id_pengguna`) VALUES
('1 01 0100', 'Dinas Pendidikan', 1),
('1 02 0100', 'Dinas Kesehatan', 2),
('1 02 0200', 'RSUD dr. Mohamad Soewandhie', 3),
('1 02 0300', 'RSUD Bhakti Dharma Husada', 4),
('1 03 0100', 'Dinas Pekerjaan Umum Bina Marga dan Pematusan', 5),
('1 04 0100', 'Dinas Pemadam Kebakaran', 6),
('1 04 0200', 'Dinas Pengelolaan Bangunan dan Tanah', 7),
('1 05 0100', 'Dinas Perumahan Rakyat dan Kawasan Permukiman, Cipta Karya dan Tata Ruang', 8),
('1 06 0100', 'Badan Perencanaan Pembangunan', 9),
('1 07 0100', 'Dinas Perhubungan', 10),
('1 08 0100', 'Dinas Lingkungan Hidup', 11),
('1 08 0200', 'Dinas Kebersihan dan Ruang Terbuka Hijau', 12),
('1 10 0100', 'Dinas Kependudukan dan Pencatatan Sipil', 13),
('1 12 0100', 'Dinas Pengendalian Penduduk, Pemberdayaan Perempuan dan Perlindungan Anak', 14),
('1 13 0100', 'Dinas Sosial', 15),
('1 14 0100', 'Dinas Tenaga Kerja', 16),
('1 15 0100', 'Dinas Koperasi dan Usaha Mikro', 17),
('1 16 0100', 'Dinas Penanaman Modal dan Pelayanan Terpadu Satu Pintu', 18),
('1 17 0100', 'Dinas Kebudayaan dan Pariwisata', 19),
('1 18 0100', 'Dinas Kepemudaan dan Olah Raga', 20),
('1 19 0100', 'Badan Kesatuan Bangsa, Politik dan Perlindungan Masyarakat', 21),
('1 19 0200', 'Satuan Polisi Pamong Praja', 22),
('1 19 0300', 'Badan Penanggulangan Bencana dan Perlindungan Masyarakat', 23),
('1 20 0100', 'Dewan Perwakilan Rakyat Daerah', 24),
('1 20 0200', 'Kepala Daerah dan Wakil Kepala Daerah', 25),
('1 20 0301', 'Bagian Administrasi Pemerintahan dan Otonomi Daerah', 26),
('1 20 0302', 'Bagian Hukum', 27),
('1 20 0303', 'Bagian Organisasi', 28),
('1 20 0304', 'Bagian Administrasi Kerjasama', 29),
('1 20 0305', 'Bagian Administrasi Pembangunan', 30),
('1 20 0306', 'Bagian Administrasi Perekonomian dan Usaha Daerah', 31),
('1 20 0307', 'Bagian Administrasi Kesejahteraan Rakyat', 32),
('1 20 0308', 'Bagian Umum dan Protokol', 33),
('1 20 0309', 'Bagian Layanan Pengadaan dan Pengelolaan Aset', 34),
('1 20 0310', 'Bagian Hubungan Masyarakat', 35),
('1 20 0400', 'Sekretariat DPRD', 36),
('1 20 0500', 'Badan Pengelolaan Keuangan dan Pajak Daerah', 37),
('1 20 0700', 'Inspektorat', 38),
('1 20 0901', 'Kecamatan Genteng', 39),
('1 20 0902', 'Kecamatan Simokerto', 40),
('1 20 0903', 'Kecamatan Tegalsari', 41),
('1 20 0904', 'Kecamatan Bubutan', 42),
('1 20 0905', 'Kecamatan Kenjeran', 43),
('1 20 0906', 'Kecamatan Pabean Cantian', 44),
('1 20 0907', 'Kecamatan Semampir', 45),
('1 20 0908', 'Kecamatan Krembangan', 46),
('1 20 0909', 'Kecamatan Tambaksari', 47),
('1 20 0910', 'Kecamatan Gubeng', 48),
('1 20 0911', 'Kecamatan Rungkut', 49),
('1 20 0912', 'Kecamatan Gunung Anyar', 50),
('1 20 0913', 'Kecamatan Tenggilis Mejoyo', 51),
('1 20 0914', 'Kecamatan Sukolilo', 52),
('1 20 0915', 'Kecamatan Mulyorejo', 53),
('1 20 0916', 'Kecamatan Wonokromo', 54),
('1 20 0917', 'Kecamatan Karangpilang', 55),
('1 20 0918', 'Kecamatan Dukuh Pakis', 56),
('1 20 0919', 'Kecamatan Gayungan', 57),
('1 20 0920', 'Kecamatan Jambangan', 58),
('1 20 0921', 'Kecamatan Wonocolo', 59),
('1 20 0922', 'Kecamatan Sawahan', 60),
('1 20 0923', 'Kecamatan Wiyung', 61),
('1 20 0924', 'Kecamatan Tandes', 62),
('1 20 0925', 'Kecamatan Asemrowo', 63),
('1 20 0926', 'Kecamatan Sukomanunggal', 64),
('1 20 0927', 'Kecamatan Benowo', 65),
('1 20 0928', 'Kecamatan Lakarsantri', 66),
('1 20 0929', 'Kecamatan Sambikerep', 67),
('1 20 0930', 'Kecamatan Pakal', 68),
('1 20 0931', 'Kecamatan Bulak', 69),
('1 20 1200', 'Badan Kepegawaian dan Diklat', 70),
('1 25 0100', 'Dinas Komunikasi dan Informatika', 71),
('1 26 0100', 'Dinas Perpustakaan dan Kearsipan', 72),
('2 01 0100', 'Dinas Ketahanan Pangan dan Pertanian', 73),
('2 06 0100', 'Dinas Perdagangan', 74);

-- --------------------------------------------------------

--
-- Table structure for table `tahun`
--

CREATE TABLE `tahun` (
  `id_tahun` int(5) NOT NULL,
  `nama_tahun` int(5) NOT NULL,
  `status_tahun` varchar(15) DEFAULT NULL,
  `status_gaji_13` varchar(20) DEFAULT NULL,
  `status_gaji_14` varchar(20) DEFAULT NULL
) ENGINE=InnoDB DEFAULT CHARSET=latin1;

--
-- Dumping data for table `tahun`
--

INSERT INTO `tahun` (`id_tahun`, `nama_tahun`, `status_tahun`, `status_gaji_13`, `status_gaji_14`) VALUES
(1, 2019, 'Aktif', 'Tidak Aktif', 'Tidak Aktif'),
(2, 2020, 'Tidak Aktif', 'Tidak Aktif', 'Tidak Aktif');

--
-- Indexes for dumped tables
--

--
-- Indexes for table `btl`
--
ALTER TABLE `btl`
  ADD PRIMARY KEY (`id_btl`);

--
-- Indexes for table `rincian`
--
ALTER TABLE `rincian`
  ADD PRIMARY KEY (`id_rincian`);

--
-- Indexes for table `skpd`
--
ALTER TABLE `skpd`
  ADD PRIMARY KEY (`id_skpd`);

--
-- Indexes for table `tahun`
--
ALTER TABLE `tahun`
  ADD PRIMARY KEY (`id_tahun`);
COMMIT;

/*!40101 SET CHARACTER_SET_CLIENT=@OLD_CHARACTER_SET_CLIENT */;
/*!40101 SET CHARACTER_SET_RESULTS=@OLD_CHARACTER_SET_RESULTS */;
/*!40101 SET COLLATION_CONNECTION=@OLD_COLLATION_CONNECTION */;
